prop_id,prop_name,prop_icon,prop_type,prop_quality,prop_order,prop_max,prop_resale,prop_diamond,prop_hanbing,prop_moba,prop_jjc,prop_maoxian,prop_describe,prop_function,prop_parameters1,prop_parameters2,prop_parameters3,prop_parameters4,prop_parameters5,prop_parameters6,prop_drop1,prop_drop2,prop_drop3,prop_drop4,prop_gm,prop_buy
int,string,string,int,int,int,int,int,int,int,int,int,int,string,int,int,int,int,int,int,int,int,int,int,int,int,int
id编号,名称,资源名称,不明,品质,不明,最大数量,售出金币价格,购买钻石价格,购买寒冰价格,购买moba价格,购买jjc价格,购买冒险币价格,描述,不明,不明,不明,不明,不明,不明,不明,不明,不明,不明,不明,gm工具是否可获取,购买金币价格
41001,猎潮者之锚,41001,1,1,,999,0,0,0,0,0,0,英雄装备，不断强化便会有更强、更多的属性,,,,,,,,,,,,1,0
41002,红龙军团剑,41002,1,1,,999,0,0,0,0,0,0,英雄装备，不断强化便会有更强、更多的属性,,,,,,,,,,,,1,0
41003,红龙军团剑,41003,1,1,,999,0,0,0,0,0,0,英雄装备，不断强化便会有更强、更多的属性,,,,,,,,,,,,1,0
41004,斩首者,41004,1,1,,999,0,0,0,0,0,0,英雄装备，不断强化便会有更强、更多的属性,,,,,,,,,,,,1,0
41005,血蹄之怒,41005,1,1,,999,0,0,0,0,0,0,英雄装备，不断强化便会有更强、更多的属性,,,,,,,,,,,,1,0
41006,护航者军刀,41006,1,1,,999,0,0,0,0,0,0,英雄装备，不断强化便会有更强、更多的属性,,,,,,,,,,,,1,0
41007,恶魔勇士战戟,41007,1,1,,999,0,0,0,0,0,0,英雄装备，不断强化便会有更强、更多的属性,,,,,,,,,,,,1,0
41008,补刀斧,41008,1,1,,999,0,0,0,0,0,0,英雄装备，不断强化便会有更强、更多的属性,,,,,,,,,,,,1,0
41009,圣光战锤,41009,1,1,,999,0,0,0,0,0,0,英雄装备，不断强化便会有更强、更多的属性,,,,,,,,,,,,1,0
41010,野性力量之斧,41010,1,1,,999,0,0,0,0,0,0,英雄装备，不断强化便会有更强、更多的属性,,,,,,,,,,,,1,0
41011,艺人面罩,41011,1,1,,999,0,0,0,0,0,0,英雄装备，不断强化便会有更强、更多的属性,,,,,,,,,,,,1,0
41012,亡者主宰巨剑,41012,1,1,,999,0,0,0,0,0,0,英雄装备，不断强化便会有更强、更多的属性,,,,,,,,,,,,1,0
41013,攻击之爪,41013,1,1,,999,0,0,0,0,0,0,英雄装备，不断强化便会有更强、更多的属性,,,,,,,,,,,,1,0
41014,力量腰带,41014,1,1,,999,0,0,0,0,0,0,英雄装备，不断强化便会有更强、更多的属性,,,,,,,,,,,,1,0
41015,驱煞长棍,41015,1,1,,999,0,0,0,0,0,0,英雄装备，不断强化便会有更强、更多的属性,,,,,,,,,,,,1,0
41016,法师长袍,41016,1,1,,999,0,0,0,0,0,0,英雄装备，不断强化便会有更强、更多的属性,,,,,,,,,,,,1,0
41017,速度之靴,41017,1,1,,999,0,0,0,0,0,0,英雄装备，不断强化便会有更强、更多的属性,,,,,,,,,,,,1,0
41018,加速手套,41018,1,1,,999,0,0,0,0,0,0,英雄装备，不断强化便会有更强、更多的属性,,,,,,,,,,,,1,0
41019,锁子甲,41019,1,1,,999,0,0,0,0,0,0,英雄装备，不断强化便会有更强、更多的属性,,,,,,,,,,,,1,0
41020,魔抗斗篷,41020,1,1,,999,0,0,0,0,0,0,英雄装备，不断强化便会有更强、更多的属性,,,,,,,,,,,,1,0
41021,撕裂者护臂,41021,1,1,,999,0,0,0,0,0,0,英雄装备，不断强化便会有更强、更多的属性,,,,,,,,,,,,1,0
41022,虚无宝石,41022,1,1,,999,0,0,0,0,0,0,英雄装备，不断强化便会有更强、更多的属性,,,,,,,,,,,,1,0
41023,短棍,41023,1,1,,999,0,0,0,0,0,0,英雄装备，不断强化便会有更强、更多的属性,,,,,,,,,,,,1,0
41024,菊一文字炙炎,41024,1,1,,999,0,0,0,0,0,0,英雄装备，不断强化便会有更强、更多的属性,,,,,,,,,,,,1,0
41025,铁意头盔,41025,1,1,,999,0,0,0,0,0,0,英雄装备，不断强化便会有更强、更多的属性,,,,,,,,,,,,1,0
41026,能量之球,41026,1,1,,999,0,0,0,0,0,0,英雄装备，不断强化便会有更强、更多的属性,,,,,,,,,,,,1,0
41027,阔剑,41027,1,1,,999,0,0,0,0,0,0,英雄装备，不断强化便会有更强、更多的属性,,,,,,,,,,,,1,0
41028,猎法者双刃,41028,1,1,,999,0,0,0,0,0,0,英雄装备，不断强化便会有更强、更多的属性,,,,,,,,,,,,1,0
41029,诺森德裂空者,41029,1,1,,999,0,0,0,0,0,0,英雄装备，不断强化便会有更强、更多的属性,,,,,,,,,,,,1,0
41030,迷踪幻影之矛,41030,1,1,,999,0,0,0,0,0,0,英雄装备，不断强化便会有更强、更多的属性,,,,,,,,,,,,1,0
41031,小圆盾,41031,1,1,,999,0,0,0,0,0,0,英雄装备，不断强化便会有更强、更多的属性,,,,,,,,,,,,1,0
41032,小毒球,41032,1,1,,999,0,0,0,0,0,0,英雄装备，不断强化便会有更强、更多的属性,,,,,,,,,,,,1,0
41033,埃辛诺斯战刃,41033,1,1,,999,0,0,0,0,0,0,英雄装备，不断强化便会有更强、更多的属性,,,,,,,,,,,,1,0
41034,回复戒指,41034,1,1,,999,0,0,0,0,0,0,英雄装备，不断强化便会有更强、更多的属性,,,,,,,,,,,,1,0
41035,攻击之爪,41035,1,1,,999,0,0,0,0,0,0,英雄装备，不断强化便会有更强、更多的属性,,,,,,,,,,,,1,0
41036,灵魂收割者,41036,1,1,,999,0,0,0,0,0,0,英雄装备，不断强化便会有更强、更多的属性,,,,,,,,,,,,1,0
41037,扭曲虚空之锤,41037,1,1,,999,0,0,0,0,0,0,英雄装备，不断强化便会有更强、更多的属性,,,,,,,,,,,,1,0
41038,水晶智慧法杖,41038,1,1,,999,0,0,0,0,0,0,英雄装备，不断强化便会有更强、更多的属性,,,,,,,,,,,,1,0
41039,上古烈焰法球,41039,1,1,,999,0,0,0,0,0,0,英雄装备，不断强化便会有更强、更多的属性,,,,,,,,,,,,1,0
41040,祖尔金之刃,41040,1,1,,999,0,0,0,0,0,0,英雄装备，不断强化便会有更强、更多的属性,,,,,,,,,,,,1,0
41041,锁子甲,41041,1,1,,999,0,0,0,0,0,0,英雄装备，不断强化便会有更强、更多的属性,,,,,,,,,,,,1,0
41042,魔抗斗篷,41042,1,1,,999,0,0,0,0,0,0,英雄装备，不断强化便会有更强、更多的属性,,,,,,,,,,,,1,0
41043,治疗指环,41043,1,1,,999,0,0,0,0,0,0,英雄装备，不断强化便会有更强、更多的属性,,,,,,,,,,,,1,0
41044,虚无宝石,41044,1,1,,999,0,0,0,0,0,0,英雄装备，不断强化便会有更强、更多的属性,,,,,,,,,,,,1,0
41045,短棍,41045,1,1,,999,0,0,0,0,0,0,英雄装备，不断强化便会有更强、更多的属性,,,,,,,,,,,,1,0
41046,诺森德之心,41046,1,1,,999,0,0,0,0,0,0,英雄装备，不断强化便会有更强、更多的属性,,,,,,,,,,,,1,0
41047,铁意头盔,41047,1,1,,999,0,0,0,0,0,0,英雄装备，不断强化便会有更强、更多的属性,,,,,,,,,,,,1,0
41048,能量之球,41048,1,1,,999,0,0,0,0,0,0,英雄装备，不断强化便会有更强、更多的属性,,,,,,,,,,,,1,0
41049,邪魅鞭挞者,41049,1,1,,999,0,0,0,0,0,0,英雄装备，不断强化便会有更强、更多的属性,,,,,,,,,,,,1,0
41050,魔抗斗篷,41050,1,1,,999,0,0,0,0,0,0,英雄装备，不断强化便会有更强、更多的属性,,,,,,,,,,,,1,0
41051,治疗指环,41051,1,1,,999,0,0,0,0,0,0,英雄装备，不断强化便会有更强、更多的属性,,,,,,,,,,,,1,0
41052,泰达希尔长弓,41052,1,1,,999,0,0,0,0,0,0,英雄装备，不断强化便会有更强、更多的属性,,,,,,,,,,,,1,0
41053,雷霆利斧,41053,1,1,,999,0,0,0,0,0,0,英雄装备，不断强化便会有更强、更多的属性,,,,,,,,,,,,1,0
41054,吸血面具,41054,1,1,,999,0,0,0,0,0,0,英雄装备，不断强化便会有更强、更多的属性,,,,,,,,,,,,1,0
41055,铁意头盔,41055,1,1,,999,0,0,0,0,0,0,英雄装备，不断强化便会有更强、更多的属性,,,,,,,,,,,,1,0
41056,自然守护者,41056,1,1,,999,0,0,0,0,0,0,英雄装备，不断强化便会有更强、更多的属性,,,,,,,,,,,,1,0
41057,死灵智慧之杖,41057,1,1,,999,0,0,0,0,0,0,英雄装备，不断强化便会有更强、更多的属性,,,,,,,,,,,,1,0
41058,阔剑,41058,1,1,,999,0,0,0,0,0,0,英雄装备，不断强化便会有更强、更多的属性,,,,,,,,,,,,1,0
42001,鲸鲨帽,42001,1,2,,999,0,0,0,0,0,0,英雄装备，不断强化便会有更强、更多的属性,,,,,,,,,,,,1,0
42002,龙鳞头盔,42002,1,2,,999,0,0,0,0,0,0,英雄装备，不断强化便会有更强、更多的属性,,,,,,,,,,,,1,0
42003,龙鳞头盔,42003,1,2,,999,0,0,0,0,0,0,英雄装备，不断强化便会有更强、更多的属性,,,,,,,,,,,,1,0
42004,战意肩甲,42004,1,2,,999,0,0,0,0,0,0,英雄装备，不断强化便会有更强、更多的属性,,,,,,,,,,,,1,0
42005,部族角环,42005,1,2,,999,0,0,0,0,0,0,英雄装备，不断强化便会有更强、更多的属性,,,,,,,,,,,,1,0
42006,领航者军帽,42006,1,2,,999,0,0,0,0,0,0,英雄装备，不断强化便会有更强、更多的属性,,,,,,,,,,,,1,0
42007,恶魔勇士面甲,42007,1,2,,999,0,0,0,0,0,0,英雄装备，不断强化便会有更强、更多的属性,,,,,,,,,,,,1,0
42008,灵魂之戒,42008,1,2,,999,0,0,0,0,0,0,英雄装备，不断强化便会有更强、更多的属性,,,,,,,,,,,,1,0
42009,圣光宝典,42009,1,2,,999,0,0,0,0,0,0,英雄装备，不断强化便会有更强、更多的属性,,,,,,,,,,,,1,0
42010,驭兽者兜帽,42010,1,2,,999,0,0,0,0,0,0,英雄装备，不断强化便会有更强、更多的属性,,,,,,,,,,,,1,0
42011,绿鞋,42011,1,2,,999,0,0,0,0,0,0,英雄装备，不断强化便会有更强、更多的属性,,,,,,,,,,,,1,0
42012,亡者主宰头冠,42012,1,2,,999,0,0,0,0,0,0,英雄装备，不断强化便会有更强、更多的属性,,,,,,,,,,,,1,0
42013,欢欣之刃,42013,1,2,,999,0,0,0,0,0,0,英雄装备，不断强化便会有更强、更多的属性,,,,,,,,,,,,1,0
42014,魔力法杖,42014,1,2,,999,0,0,0,0,0,0,英雄装备，不断强化便会有更强、更多的属性,,,,,,,,,,,,1,0
42015,驱煞斗笠,42015,1,2,,999,0,0,0,0,0,0,英雄装备，不断强化便会有更强、更多的属性,,,,,,,,,,,,1,0
42016,活力之球,42016,1,2,,999,0,0,0,0,0,0,英雄装备，不断强化便会有更强、更多的属性,,,,,,,,,,,,1,0
42017,精气之球,42017,1,2,,999,0,0,0,0,0,0,英雄装备，不断强化便会有更强、更多的属性,,,,,,,,,,,,1,0
42018,相位鞋,42018,1,2,,999,0,0,0,0,0,0,英雄装备，不断强化便会有更强、更多的属性,,,,,,,,,,,,1,0
42019,力量假腿,42019,1,2,,999,0,0,0,0,0,0,英雄装备，不断强化便会有更强、更多的属性,,,,,,,,,,,,1,0
42020,敏捷假腿,42020,1,2,,999,0,0,0,0,0,0,英雄装备，不断强化便会有更强、更多的属性,,,,,,,,,,,,1,0
42021,撕裂者头盔,42021,1,2,,999,0,0,0,0,0,0,英雄装备，不断强化便会有更强、更多的属性,,,,,,,,,,,,1,0
42022,大剑,42022,1,2,,999,0,0,0,0,0,0,英雄装备，不断强化便会有更强、更多的属性,,,,,,,,,,,,1,0
42023,板甲,42023,1,2,,999,0,0,0,0,0,0,英雄装备，不断强化便会有更强、更多的属性,,,,,,,,,,,,1,0
42024,隐忍武士发箍,42024,1,2,,999,0,0,0,0,0,0,英雄装备，不断强化便会有更强、更多的属性,,,,,,,,,,,,1,0
42025,标枪,42025,1,2,,999,0,0,0,0,0,0,英雄装备，不断强化便会有更强、更多的属性,,,,,,,,,,,,1,0
42026,暗影护符,42026,1,2,,999,0,0,0,0,0,0,英雄装备，不断强化便会有更强、更多的属性,,,,,,,,,,,,1,0
42027,坚韧球,42027,1,2,,999,0,0,0,0,0,0,英雄装备，不断强化便会有更强、更多的属性,,,,,,,,,,,,1,0
42028,猎法者眼罩,42028,1,2,,999,0,0,0,0,0,0,英雄装备，不断强化便会有更强、更多的属性,,,,,,,,,,,,1,0
42029,夜行者斗篷,42029,1,2,,999,0,0,0,0,0,0,英雄装备，不断强化便会有更强、更多的属性,,,,,,,,,,,,1,0
42030,迷踪幻影肩甲,42030,1,2,,999,0,0,0,0,0,0,英雄装备，不断强化便会有更强、更多的属性,,,,,,,,,,,,1,0
42031,疯狂面具,42031,1,2,,999,0,0,0,0,0,0,英雄装备，不断强化便会有更强、更多的属性,,,,,,,,,,,,1,0
42032,振奋宝石,42032,1,2,,999,0,0,0,0,0,0,英雄装备，不断强化便会有更强、更多的属性,,,,,,,,,,,,1,0
42033,恶魔之角,42033,1,2,,999,0,0,0,0,0,0,英雄装备，不断强化便会有更强、更多的属性,,,,,,,,,,,,1,0
42034,水晶剑,42034,1,2,,999,0,0,0,0,0,0,英雄装备，不断强化便会有更强、更多的属性,,,,,,,,,,,,1,0
42035,飞鞋,42035,1,2,,999,0,0,0,0,0,0,英雄装备，不断强化便会有更强、更多的属性,,,,,,,,,,,,1,0
42036,灵魂收割面具,42036,1,2,,999,0,0,0,0,0,0,英雄装备，不断强化便会有更强、更多的属性,,,,,,,,,,,,1,0
42037,时空裂隙肩铠,42037,1,2,,999,0,0,0,0,0,0,英雄装备，不断强化便会有更强、更多的属性,,,,,,,,,,,,1,0
42038,水晶智慧兜帽,42038,1,2,,999,0,0,0,0,0,0,英雄装备，不断强化便会有更强、更多的属性,,,,,,,,,,,,1,0
42039,火焰掌握护臂,42039,1,2,,999,0,0,0,0,0,0,英雄装备，不断强化便会有更强、更多的属性,,,,,,,,,,,,1,0
42040,赞达拉面具,42040,1,2,,999,0,0,0,0,0,0,英雄装备，不断强化便会有更强、更多的属性,,,,,,,,,,,,1,0
42041,精气之球,42041,1,2,,999,0,0,0,0,0,0,英雄装备，不断强化便会有更强、更多的属性,,,,,,,,,,,,1,0
42042,相位鞋,42042,1,2,,999,0,0,0,0,0,0,英雄装备，不断强化便会有更强、更多的属性,,,,,,,,,,,,1,0
42043,力量假腿,42043,1,2,,999,0,0,0,0,0,0,英雄装备，不断强化便会有更强、更多的属性,,,,,,,,,,,,1,0
42044,敏捷假腿,42044,1,2,,999,0,0,0,0,0,0,英雄装备，不断强化便会有更强、更多的属性,,,,,,,,,,,,1,0
42045,智力假腿,42045,1,2,,999,0,0,0,0,0,0,英雄装备，不断强化便会有更强、更多的属性,,,,,,,,,,,,1,0
42046,诺森德面甲,42046,1,2,,999,0,0,0,0,0,0,英雄装备，不断强化便会有更强、更多的属性,,,,,,,,,,,,1,0
42047,板甲,42047,1,2,,999,0,0,0,0,0,0,英雄装备，不断强化便会有更强、更多的属性,,,,,,,,,,,,1,0
42048,秘法鞋,42048,1,2,,999,0,0,0,0,0,0,英雄装备，不断强化便会有更强、更多的属性,,,,,,,,,,,,1,0
42049,邪魅之角,42049,1,2,,999,0,0,0,0,0,0,英雄装备，不断强化便会有更强、更多的属性,,,,,,,,,,,,1,0
42050,暗影护符,42050,1,2,,999,0,0,0,0,0,0,英雄装备，不断强化便会有更强、更多的属性,,,,,,,,,,,,1,0
42051,坚韧球,42051,1,2,,999,0,0,0,0,0,0,英雄装备，不断强化便会有更强、更多的属性,,,,,,,,,,,,1,0
42052,御风者斗篷,42052,1,2,,999,0,0,0,0,0,0,英雄装备，不断强化便会有更强、更多的属性,,,,,,,,,,,,1,0
42053,万神殿之怒,42053,1,2,,999,0,0,0,0,0,0,英雄装备，不断强化便会有更强、更多的属性,,,,,,,,,,,,1,0
42054,自然智慧之角,42054,1,2,,999,0,0,0,0,0,0,英雄装备，不断强化便会有更强、更多的属性,,,,,,,,,,,,1,0
42055,疯狂面具,42055,1,2,,999,0,0,0,0,0,0,英雄装备，不断强化便会有更强、更多的属性,,,,,,,,,,,,1,0
42056,自然亲和头冠,42056,1,2,,999,0,0,0,0,0,0,英雄装备，不断强化便会有更强、更多的属性,,,,,,,,,,,,1,0
42057,死灵头盔,42057,1,2,,999,0,0,0,0,0,0,英雄装备，不断强化便会有更强、更多的属性,,,,,,,,,,,,1,0
42058,振奋宝石,42058,1,2,,999,0,0,0,0,0,0,英雄装备，不断强化便会有更强、更多的属性,,,,,,,,,,,,1,0
43001,鲨皮短裤,43001,1,3,,999,0,0,0,0,0,0,英雄装备，不断强化便会有更强、更多的属性,,,,,,,,,,,,1,0
43002,龙鳞胸甲,43002,1,3,,999,0,0,0,0,0,0,英雄装备，不断强化便会有更强、更多的属性,,,,,,,,,,,,1,0
43003,龙鳞胸甲,43003,1,3,,999,0,0,0,0,0,0,英雄装备，不断强化便会有更强、更多的属性,,,,,,,,,,,,1,0
43004,战意护腿,43004,1,3,,999,0,0,0,0,0,0,英雄装备，不断强化便会有更强、更多的属性,,,,,,,,,,,,1,0
43005,部族腰裙,43005,1,3,,999,0,0,0,0,0,0,英雄装备，不断强化便会有更强、更多的属性,,,,,,,,,,,,1,0
43006,领航者外套,43006,1,3,,999,0,0,0,0,0,0,英雄装备，不断强化便会有更强、更多的属性,,,,,,,,,,,,1,0
43007,恶魔勇士臂甲,43007,1,3,,999,0,0,0,0,0,0,英雄装备，不断强化便会有更强、更多的属性,,,,,,,,,,,,1,0
43008,夜叉,43008,1,3,,999,0,0,0,0,0,0,英雄装备，不断强化便会有更强、更多的属性,,,,,,,,,,,,1,0
43009,圣光使者胸甲,43009,1,3,,999,0,0,0,0,0,0,英雄装备，不断强化便会有更强、更多的属性,,,,,,,,,,,,1,0
43010,驭兽者肩饰,43010,1,3,,999,0,0,0,0,0,0,英雄装备，不断强化便会有更强、更多的属性,,,,,,,,,,,,1,0
43011,反伤甲,43011,1,3,,999,0,0,0,0,0,0,英雄装备，不断强化便会有更强、更多的属性,,,,,,,,,,,,1,0
43012,亡者主宰披风,43012,1,3,,999,0,0,0,0,0,0,英雄装备，不断强化便会有更强、更多的属性,,,,,,,,,,,,1,0
43013,推推棒,43013,1,3,,999,0,0,0,0,0,0,英雄装备，不断强化便会有更强、更多的属性,,,,,,,,,,,,1,0
43014,梅肯,43014,1,3,,999,0,0,0,0,0,0,英雄装备，不断强化便会有更强、更多的属性,,,,,,,,,,,,1,0
43015,驱煞武服,43015,1,3,,999,0,0,0,0,0,0,英雄装备，不断强化便会有更强、更多的属性,,,,,,,,,,,,1,0
43016,食尸鬼的臂章,43016,1,3,,999,0,0,0,0,0,0,英雄装备，不断强化便会有更强、更多的属性,,,,,,,,,,,,1,0
43017,风杖,43017,1,3,,999,0,0,0,0,0,0,英雄装备，不断强化便会有更强、更多的属性,,,,,,,,,,,,1,0
43018,小人书,43018,1,3,,999,0,0,0,0,0,0,英雄装备，不断强化便会有更强、更多的属性,,,,,,,,,,,,1,0
43019,小电锤,43019,1,3,,999,0,0,0,0,0,0,英雄装备，不断强化便会有更强、更多的属性,,,,,,,,,,,,1,0
43020,神秘法杖,43020,1,3,,999,0,0,0,0,0,0,英雄装备，不断强化便会有更强、更多的属性,,,,,,,,,,,,1,0
43021,撕裂者斗篷,43021,1,3,,999,0,0,0,0,0,0,英雄装备，不断强化便会有更强、更多的属性,,,,,,,,,,,,1,0
43022,隐刀,43022,1,3,,999,0,0,0,0,0,0,英雄装备，不断强化便会有更强、更多的属性,,,,,,,,,,,,1,0
43023,阿托斯之棍,43023,1,3,,999,0,0,0,0,0,0,英雄装备，不断强化便会有更强、更多的属性,,,,,,,,,,,,1,0
43024,隐忍武士腰带,43024,1,3,,999,0,0,0,0,0,0,英雄装备，不断强化便会有更强、更多的属性,,,,,,,,,,,,1,0
43025,掠夺之斧,43025,1,3,,999,0,0,0,0,0,0,英雄装备，不断强化便会有更强、更多的属性,,,,,,,,,,,,1,0
43026,镇魂石,43026,1,3,,999,0,0,0,0,0,0,英雄装备，不断强化便会有更强、更多的属性,,,,,,,,,,,,1,0
43027,散失,43027,1,3,,999,0,0,0,0,0,0,英雄装备，不断强化便会有更强、更多的属性,,,,,,,,,,,,1,0
43028,猎法者短裤,43028,1,3,,999,0,0,0,0,0,0,英雄装备，不断强化便会有更强、更多的属性,,,,,,,,,,,,1,0
43029,夜行胸甲,43029,1,3,,999,0,0,0,0,0,0,英雄装备，不断强化便会有更强、更多的属性,,,,,,,,,,,,1,0
43030,迷踪幻影束腰,43030,1,3,,999,0,0,0,0,0,0,英雄装备，不断强化便会有更强、更多的属性,,,,,,,,,,,,1,0
43031,黑皇杖,43031,1,3,,999,0,0,0,0,0,0,英雄装备，不断强化便会有更强、更多的属性,,,,,,,,,,,,1,0
43032,梅肯2阶,43032,1,3,,999,0,0,0,0,0,0,英雄装备，不断强化便会有更强、更多的属性,,,,,,,,,,,,1,0
43033,被放逐者护腿,43033,1,3,,999,0,0,0,0,0,0,英雄装备，不断强化便会有更强、更多的属性,,,,,,,,,,,,1,0
43034,小人书2阶,43034,1,3,,999,0,0,0,0,0,0,英雄装备，不断强化便会有更强、更多的属性,,,,,,,,,,,,1,0
43035,散失2阶,43035,1,3,,999,0,0,0,0,0,0,英雄装备，不断强化便会有更强、更多的属性,,,,,,,,,,,,1,0
43036,灵魂收割胸甲,43036,1,3,,999,0,0,0,0,0,0,英雄装备，不断强化便会有更强、更多的属性,,,,,,,,,,,,1,0
43037,时空裂隙束腰,43037,1,3,,999,0,0,0,0,0,0,英雄装备，不断强化便会有更强、更多的属性,,,,,,,,,,,,1,0
43038,水晶智慧胸衣,43038,1,3,,999,0,0,0,0,0,0,英雄装备，不断强化便会有更强、更多的属性,,,,,,,,,,,,1,0
43039,火焰掌握胸衣,43039,1,3,,999,0,0,0,0,0,0,英雄装备，不断强化便会有更强、更多的属性,,,,,,,,,,,,1,0
43040,赞达拉腰裙,43040,1,3,,999,0,0,0,0,0,0,英雄装备，不断强化便会有更强、更多的属性,,,,,,,,,,,,1,0
43041,反伤甲,43041,1,3,,999,0,0,0,0,0,0,英雄装备，不断强化便会有更强、更多的属性,,,,,,,,,,,,1,0
43042,先锋盾,43042,1,3,,999,0,0,0,0,0,0,英雄装备，不断强化便会有更强、更多的属性,,,,,,,,,,,,1,0
43043,推推棒,43043,1,3,,999,0,0,0,0,0,0,英雄装备，不断强化便会有更强、更多的属性,,,,,,,,,,,,1,0
43044,梅肯,43044,1,3,,999,0,0,0,0,0,0,英雄装备，不断强化便会有更强、更多的属性,,,,,,,,,,,,1,0
43045,恶魔刀锋,43045,1,3,,999,0,0,0,0,0,0,英雄装备，不断强化便会有更强、更多的属性,,,,,,,,,,,,1,0
43046,诺森德长裙,43046,1,3,,999,0,0,0,0,0,0,英雄装备，不断强化便会有更强、更多的属性,,,,,,,,,,,,1,0
43047,风杖,43047,1,3,,999,0,0,0,0,0,0,英雄装备，不断强化便会有更强、更多的属性,,,,,,,,,,,,1,0
43048,小人书,43048,1,3,,999,0,0,0,0,0,0,英雄装备，不断强化便会有更强、更多的属性,,,,,,,,,,,,1,0
43049,鞭挞者护胸,43049,1,3,,999,0,0,0,0,0,0,英雄装备，不断强化便会有更强、更多的属性,,,,,,,,,,,,1,0
43050,神秘法杖,43050,1,3,,999,0,0,0,0,0,0,英雄装备，不断强化便会有更强、更多的属性,,,,,,,,,,,,1,0
43051,红杖,43051,1,3,,999,0,0,0,0,0,0,英雄装备，不断强化便会有更强、更多的属性,,,,,,,,,,,,1,0
43052,御风者长袍,43052,1,3,,999,0,0,0,0,0,0,英雄装备，不断强化便会有更强、更多的属性,,,,,,,,,,,,1,0
43053,万神殿角盔,43053,1,3,,999,0,0,0,0,0,0,英雄装备，不断强化便会有更强、更多的属性,,,,,,,,,,,,1,0
43054,自然智慧披风,43054,1,3,,999,0,0,0,0,0,0,英雄装备，不断强化便会有更强、更多的属性,,,,,,,,,,,,1,0
43055,掠夺之斧,43055,1,3,,999,0,0,0,0,0,0,英雄装备，不断强化便会有更强、更多的属性,,,,,,,,,,,,1,0
43056,自然亲和护胸,43056,1,3,,999,0,0,0,0,0,0,英雄装备，不断强化便会有更强、更多的属性,,,,,,,,,,,,1,0
43057,死灵法袍,43057,1,3,,999,0,0,0,0,0,0,英雄装备，不断强化便会有更强、更多的属性,,,,,,,,,,,,1,0
43058,鹰角弓,43058,1,3,,999,0,0,0,0,0,0,英雄装备，不断强化便会有更强、更多的属性,,,,,,,,,,,,1,0
44001,鱼骨护腕,44001,1,4,,999,0,0,0,0,0,0,英雄装备，不断强化便会有更强、更多的属性,,,,,,,,,,,,1,0
44002,生命之盾,44002,1,4,,999,0,0,0,0,0,0,英雄装备，不断强化便会有更强、更多的属性,,,,,,,,,,,,1,0
44003,生命之盾,44003,1,4,,999,0,0,0,0,0,0,英雄装备，不断强化便会有更强、更多的属性,,,,,,,,,,,,1,0
44004,黑铁腕甲,44004,1,4,,999,0,0,0,0,0,0,英雄装备，不断强化便会有更强、更多的属性,,,,,,,,,,,,1,0
44005,部族护腕,44005,1,4,,999,0,0,0,0,0,0,英雄装备，不断强化便会有更强、更多的属性,,,,,,,,,,,,1,0
44006,领航者手套,44006,1,4,,999,0,0,0,0,0,0,英雄装备，不断强化便会有更强、更多的属性,,,,,,,,,,,,1,0
44007,恶魔勇士束腰,44007,1,4,,999,0,0,0,0,0,0,英雄装备，不断强化便会有更强、更多的属性,,,,,,,,,,,,1,0
44008,虚灵刀,44008,1,4,,999,0,0,0,0,0,0,英雄装备，不断强化便会有更强、更多的属性,,,,,,,,,,,,1,0
44009,圣光使者护腕,44009,1,4,,999,0,0,0,0,0,0,英雄装备，不断强化便会有更强、更多的属性,,,,,,,,,,,,1,0
44010,驭兽者束腰,44010,1,4,,999,0,0,0,0,0,0,英雄装备，不断强化便会有更强、更多的属性,,,,,,,,,,,,1,0
44011,辉耀,44011,1,4,,999,0,0,0,0,0,0,英雄装备，不断强化便会有更强、更多的属性,,,,,,,,,,,,1,0
44012,亡者主宰腕甲,44012,1,4,,999,0,0,0,0,0,0,英雄装备，不断强化便会有更强、更多的属性,,,,,,,,,,,,1,0
44013,刷新球,44013,1,4,,999,0,0,0,0,0,0,英雄装备，不断强化便会有更强、更多的属性,,,,,,,,,,,,1,0
44014,金箍棒,44014,1,4,,999,0,0,0,0,0,0,英雄装备，不断强化便会有更强、更多的属性,,,,,,,,,,,,1,0
44015,驱煞烈酒,44015,1,4,,999,0,0,0,0,0,0,英雄装备，不断强化便会有更强、更多的属性,,,,,,,,,,,,1,0
44016,大电锤,44016,1,4,,999,0,0,0,0,0,0,英雄装备，不断强化便会有更强、更多的属性,,,,,,,,,,,,1,0
44017,强袭,44017,1,4,,999,0,0,0,0,0,0,英雄装备，不断强化便会有更强、更多的属性,,,,,,,,,,,,1,0
44018,大炮,44018,1,4,,999,0,0,0,0,0,0,英雄装备，不断强化便会有更强、更多的属性,,,,,,,,,,,,1,0
44019,羊刀,44019,1,4,,999,0,0,0,0,0,0,英雄装备，不断强化便会有更强、更多的属性,,,,,,,,,,,,1,0
44020,冰眼,44020,1,4,,999,0,0,0,0,0,0,英雄装备，不断强化便会有更强、更多的属性,,,,,,,,,,,,1,0
44021,撕裂者腰带,44021,1,4,,999,0,0,0,0,0,0,英雄装备，不断强化便会有更强、更多的属性,,,,,,,,,,,,1,0
44022,撒旦之邪力,44022,1,4,,999,0,0,0,0,0,0,英雄装备，不断强化便会有更强、更多的属性,,,,,,,,,,,,1,0
44023,圣剑,44023,1,4,,999,0,0,0,0,0,0,英雄装备，不断强化便会有更强、更多的属性,,,,,,,,,,,,1,0
44024,隐忍武士护腕,44024,1,4,,999,0,0,0,0,0,0,英雄装备，不断强化便会有更强、更多的属性,,,,,,,,,,,,1,0
44025,梅肯3阶,44025,1,4,,999,0,0,0,0,0,0,英雄装备，不断强化便会有更强、更多的属性,,,,,,,,,,,,1,0
44026,红杖3阶,44026,1,4,,999,0,0,0,0,0,0,英雄装备，不断强化便会有更强、更多的属性,,,,,,,,,,,,1,0
44027,小人书3阶,44027,1,4,,999,0,0,0,0,0,0,英雄装备，不断强化便会有更强、更多的属性,,,,,,,,,,,,1,0
44028,猎法者护腕,44028,1,4,,999,0,0,0,0,0,0,英雄装备，不断强化便会有更强、更多的属性,,,,,,,,,,,,1,0
44029,极寒箭羽,44029,1,4,,999,0,0,0,0,0,0,英雄装备，不断强化便会有更强、更多的属性,,,,,,,,,,,,1,0
44030,迷踪幻影护腕,44030,1,4,,999,0,0,0,0,0,0,英雄装备，不断强化便会有更强、更多的属性,,,,,,,,,,,,1,0
44031,暗灭,44031,1,4,,999,0,0,0,0,0,0,英雄装备，不断强化便会有更强、更多的属性,,,,,,,,,,,,1,0
44032,紫苑,44032,1,4,,999,0,0,0,0,0,0,英雄装备，不断强化便会有更强、更多的属性,,,,,,,,,,,,1,0
44033,恶魔之翼,44033,1,4,,999,0,0,0,0,0,0,英雄装备，不断强化便会有更强、更多的属性,,,,,,,,,,,,1,0
44034,狂战斧,44034,1,4,,999,0,0,0,0,0,0,英雄装备，不断强化便会有更强、更多的属性,,,,,,,,,,,,1,0
44035,冰甲,44035,1,4,,999,0,0,0,0,0,0,英雄装备，不断强化便会有更强、更多的属性,,,,,,,,,,,,1,0
44036,灵魂收割之爪,44036,1,4,,999,0,0,0,0,0,0,英雄装备，不断强化便会有更强、更多的属性,,,,,,,,,,,,1,0
44037,时空裂隙护腕,44037,1,4,,999,0,0,0,0,0,0,英雄装备，不断强化便会有更强、更多的属性,,,,,,,,,,,,1,0
44038,水晶智慧护腕,44038,1,4,,999,0,0,0,0,0,0,英雄装备，不断强化便会有更强、更多的属性,,,,,,,,,,,,1,0
44039,火焰掌握短裙,44039,1,4,,999,0,0,0,0,0,0,英雄装备，不断强化便会有更强、更多的属性,,,,,,,,,,,,1,0
44040,赞达拉护腕,44040,1,4,,999,0,0,0,0,0,0,英雄装备，不断强化便会有更强、更多的属性,,,,,,,,,,,,1,0
44041,刷新球,44041,1,4,,999,0,0,0,0,0,0,英雄装备，不断强化便会有更强、更多的属性,,,,,,,,,,,,1,0
44042,金箍棒,44042,1,4,,999,0,0,0,0,0,0,英雄装备，不断强化便会有更强、更多的属性,,,,,,,,,,,,1,0
44043,龙心,44043,1,4,,999,0,0,0,0,0,0,英雄装备，不断强化便会有更强、更多的属性,,,,,,,,,,,,1,0
44044,大电锤,44044,1,4,,999,0,0,0,0,0,0,英雄装备，不断强化便会有更强、更多的属性,,,,,,,,,,,,1,0
44045,强袭,44045,1,4,,999,0,0,0,0,0,0,英雄装备，不断强化便会有更强、更多的属性,,,,,,,,,,,,1,0
44046,诺森德胸衣,44046,1,4,,999,0,0,0,0,0,0,英雄装备，不断强化便会有更强、更多的属性,,,,,,,,,,,,1,0
44047,羊刀,44047,1,4,,999,0,0,0,0,0,0,英雄装备，不断强化便会有更强、更多的属性,,,,,,,,,,,,1,0
44048,冰眼,44048,1,4,,999,0,0,0,0,0,0,英雄装备，不断强化便会有更强、更多的属性,,,,,,,,,,,,1,0
44049,邪魅之翼,44049,1,4,,999,0,0,0,0,0,0,英雄装备，不断强化便会有更强、更多的属性,,,,,,,,,,,,1,0
44050,撒旦之邪力,44050,1,4,,999,0,0,0,0,0,0,英雄装备，不断强化便会有更强、更多的属性,,,,,,,,,,,,1,0
44051,圣剑,44051,1,4,,999,0,0,0,0,0,0,英雄装备，不断强化便会有更强、更多的属性,,,,,,,,,,,,1,0
44052,自然束缚之箭,44052,1,4,,999,0,0,0,0,0,0,英雄装备，不断强化便会有更强、更多的属性,,,,,,,,,,,,1,0
44053,万神殿胸铠,44053,1,4,,999,0,0,0,0,0,0,英雄装备，不断强化便会有更强、更多的属性,,,,,,,,,,,,1,0
44054,怒风腰带,44054,1,4,,999,0,0,0,0,0,0,英雄装备，不断强化便会有更强、更多的属性,,,,,,,,,,,,1,0
44055,小人书3阶,44055,1,4,,999,0,0,0,0,0,0,英雄装备，不断强化便会有更强、更多的属性,,,,,,,,,,,,1,0
44056,自然亲和叶裙,44056,1,4,,999,0,0,0,0,0,0,英雄装备，不断强化便会有更强、更多的属性,,,,,,,,,,,,1,0
44057,死灵智慧宝典,44057,1,4,,999,0,0,0,0,0,0,英雄装备，不断强化便会有更强、更多的属性,,,,,,,,,,,,1,0
44058,蝴蝶,44058,1,4,,999,0,0,0,0,0,0,英雄装备，不断强化便会有更强、更多的属性,,,,,,,,,,,,1,0
45001,稳固镣铐,45001,1,5,,999,0,0,0,0,0,0,英雄装备，不断强化便会有更强、更多的属性,,,,,,,,,,,,1,0
45002,龙鳞战靴,45002,1,5,,999,0,0,0,0,0,0,英雄装备，不断强化便会有更强、更多的属性,,,,,,,,,,,,1,0
45003,龙鳞战靴,45003,1,5,,999,0,0,0,0,0,0,英雄装备，不断强化便会有更强、更多的属性,,,,,,,,,,,,1,0
45004,黑铁胫甲,45004,1,5,,999,0,0,0,0,0,0,英雄装备，不断强化便会有更强、更多的属性,,,,,,,,,,,,1,0
45005,部族护腿,45005,1,5,,999,0,0,0,0,0,0,英雄装备，不断强化便会有更强、更多的属性,,,,,,,,,,,,1,0
45006,领航者胸甲,45006,1,5,,999,0,0,0,0,0,0,英雄装备，不断强化便会有更强、更多的属性,,,,,,,,,,,,1,0
45007,恶魔勇士战靴,45007,1,5,,999,0,0,0,0,0,0,英雄装备，不断强化便会有更强、更多的属性,,,,,,,,,,,,1,0
45008,水晶之塔,45008,1,5,,999,0,0,0,0,0,0,英雄装备，不断强化便会有更强、更多的属性,,,,,,,,,,,,1,0
45009,圣光使者战靴,45009,1,5,,999,0,0,0,0,0,0,英雄装备，不断强化便会有更强、更多的属性,,,,,,,,,,,,1,0
45010,驭兽者护腿,45010,1,5,,999,0,0,0,0,0,0,英雄装备，不断强化便会有更强、更多的属性,,,,,,,,,,,,1,0
45011,鹰羽指环,45011,1,5,,999,0,0,0,0,0,0,英雄装备，不断强化便会有更强、更多的属性,,,,,,,,,,,,1,0
45012,亡者主宰战靴,45012,1,5,,999,0,0,0,0,0,0,英雄装备，不断强化便会有更强、更多的属性,,,,,,,,,,,,1,0
45013,水晶球,45013,1,5,,999,0,0,0,0,0,0,英雄装备，不断强化便会有更强、更多的属性,,,,,,,,,,,,1,0
45014,女王的浴衣,45014,1,5,,999,0,0,0,0,0,0,英雄装备，不断强化便会有更强、更多的属性,,,,,,,,,,,,1,0
45015,驱煞酒仙葫芦,45015,1,5,,999,0,0,0,0,0,0,英雄装备，不断强化便会有更强、更多的属性,,,,,,,,,,,,1,0
45016,阴影之书,45016,1,5,,999,0,0,0,0,0,0,英雄装备，不断强化便会有更强、更多的属性,,,,,,,,,,,,1,0
45017,魔龙之鳞,45017,1,5,,999,0,0,0,0,0,0,英雄装备，不断强化便会有更强、更多的属性,,,,,,,,,,,,1,0
45018,疾行鞋,45018,1,5,,999,0,0,0,0,0,0,英雄装备，不断强化便会有更强、更多的属性,,,,,,,,,,,,1,0
45019,虚无法杖,45019,1,5,,999,0,0,0,0,0,0,英雄装备，不断强化便会有更强、更多的属性,,,,,,,,,,,,1,0
45020,雷霆之怒,45020,1,5,,999,0,0,0,0,0,0,英雄装备，不断强化便会有更强、更多的属性,,,,,,,,,,,,1,0
45021,撕裂者护腿,45021,1,5,,999,0,0,0,0,0,0,英雄装备，不断强化便会有更强、更多的属性,,,,,,,,,,,,1,0
45022,巫师之冠,45022,1,5,,999,0,0,0,0,0,0,英雄装备，不断强化便会有更强、更多的属性,,,,,,,,,,,,1,0
45023,神圣种子,45023,1,5,,999,0,0,0,0,0,0,英雄装备，不断强化便会有更强、更多的属性,,,,,,,,,,,,1,0
45024,隐忍武士裹足,45024,1,5,,999,0,0,0,0,0,0,英雄装备，不断强化便会有更强、更多的属性,,,,,,,,,,,,1,0
45025,麒麟弯刀,45025,1,5,,999,0,0,0,0,0,0,英雄装备，不断强化便会有更强、更多的属性,,,,,,,,,,,,1,0
45026,地覆,45026,1,5,,999,0,0,0,0,0,0,英雄装备，不断强化便会有更强、更多的属性,,,,,,,,,,,,1,0
45027,永恒冰柱,45027,1,5,,999,0,0,0,0,0,0,英雄装备，不断强化便会有更强、更多的属性,,,,,,,,,,,,1,0
45028,猎法者裹腿,45028,1,5,,999,0,0,0,0,0,0,英雄装备，不断强化便会有更强、更多的属性,,,,,,,,,,,,1,0
45029,夜行者长靴,45029,1,5,,999,0,0,0,0,0,0,英雄装备，不断强化便会有更强、更多的属性,,,,,,,,,,,,1,0
45030,迷踪幻影护腿,45030,1,5,,999,0,0,0,0,0,0,英雄装备，不断强化便会有更强、更多的属性,,,,,,,,,,,,1,0
45031,逐日者法典,45031,1,5,,999,0,0,0,0,0,0,英雄装备，不断强化便会有更强、更多的属性,,,,,,,,,,,,1,0
45032,不朽之守护,45032,1,5,,999,0,0,0,0,0,0,英雄装备，不断强化便会有更强、更多的属性,,,,,,,,,,,,1,0
45033,被放逐者长靴,45033,1,5,,999,0,0,0,0,0,0,英雄装备，不断强化便会有更强、更多的属性,,,,,,,,,,,,1,0
45034,红宝石吊坠,45034,1,5,,999,0,0,0,0,0,0,英雄装备，不断强化便会有更强、更多的属性,,,,,,,,,,,,1,0
45035,传说之枪,45035,1,5,,999,0,0,0,0,0,0,英雄装备，不断强化便会有更强、更多的属性,,,,,,,,,,,,1,0
45036,灵魂收割之触,45036,1,5,,999,0,0,0,0,0,0,英雄装备，不断强化便会有更强、更多的属性,,,,,,,,,,,,1,0
45037,时空裂隙护腿,45037,1,5,,999,0,0,0,0,0,0,英雄装备，不断强化便会有更强、更多的属性,,,,,,,,,,,,1,0
45038,水晶智慧长裙,45038,1,5,,999,0,0,0,0,0,0,英雄装备，不断强化便会有更强、更多的属性,,,,,,,,,,,,1,0
45039,火焰掌握长靴,45039,1,5,,999,0,0,0,0,0,0,英雄装备，不断强化便会有更强、更多的属性,,,,,,,,,,,,1,0
45040,赞达拉印记,45040,1,5,,999,0,0,0,0,0,0,英雄装备，不断强化便会有更强、更多的属性,,,,,,,,,,,,1,0
45041,惩罚之雷,45041,1,5,,999,0,0,0,0,0,0,英雄装备，不断强化便会有更强、更多的属性,,,,,,,,,,,,1,0
45042,斯巴达披风,45042,1,5,,999,0,0,0,0,0,0,英雄装备，不断强化便会有更强、更多的属性,,,,,,,,,,,,1,0
45043,海斗士鳞衣,45043,1,5,,999,0,0,0,0,0,0,英雄装备，不断强化便会有更强、更多的属性,,,,,,,,,,,,1,0
45044,不朽之守护,45044,1,5,,999,0,0,0,0,0,0,英雄装备，不断强化便会有更强、更多的属性,,,,,,,,,,,,1,0
45045,翡翠之吻,45045,1,5,,999,0,0,0,0,0,0,英雄装备，不断强化便会有更强、更多的属性,,,,,,,,,,,,1,0
45046,诺森德披风,45046,1,5,,999,0,0,0,0,0,0,英雄装备，不断强化便会有更强、更多的属性,,,,,,,,,,,,1,0
45047,传说之枪,45047,1,5,,999,0,0,0,0,0,0,英雄装备，不断强化便会有更强、更多的属性,,,,,,,,,,,,1,0
45048,暮光圣经,45048,1,5,,999,0,0,0,0,0,0,英雄装备，不断强化便会有更强、更多的属性,,,,,,,,,,,,1,0
45049,鞭挞者护腿,45049,1,5,,999,0,0,0,0,0,0,英雄装备，不断强化便会有更强、更多的属性,,,,,,,,,,,,1,0
45050,不朽之守护,45050,1,5,,999,0,0,0,0,0,0,英雄装备，不断强化便会有更强、更多的属性,,,,,,,,,,,,1,0
45051,翡翠之吻,45051,1,5,,999,0,0,0,0,0,0,英雄装备，不断强化便会有更强、更多的属性,,,,,,,,,,,,1,0
45052,御风者长靴,45052,1,5,,999,0,0,0,0,0,0,英雄装备，不断强化便会有更强、更多的属性,,,,,,,,,,,,1,0
45053,万神殿护手,45053,1,5,,999,0,0,0,0,0,0,英雄装备，不断强化便会有更强、更多的属性,,,,,,,,,,,,1,0
45054,怒风护腕,45054,1,5,,999,0,0,0,0,0,0,英雄装备，不断强化便会有更强、更多的属性,,,,,,,,,,,,1,0
45055,海神三叉戟,45055,1,5,,999,0,0,0,0,0,0,英雄装备，不断强化便会有更强、更多的属性,,,,,,,,,,,,1,0
45056,自然亲和护腕,45056,1,5,,999,0,0,0,0,0,0,英雄装备，不断强化便会有更强、更多的属性,,,,,,,,,,,,1,0
45057,死灵智慧肩甲,45057,1,5,,999,0,0,0,0,0,0,英雄装备，不断强化便会有更强、更多的属性,,,,,,,,,,,,1,0
45058,正义风衣,45058,1,5,,999,0,0,0,0,0,0,英雄装备，不断强化便会有更强、更多的属性,,,,,,,,,,,,1,0
61001,经验药水,1,3,1,,999,500,2,40,10,20,100,可增加英雄经验40点,4,40,,,,,,,,,,1,500
61002,经验药膏,2,3,2,,999,1500,6,120,30,60,400,可增加英雄经验150点,4,150,,,,,,,,,,1,1500
61003,经验圣水,4,3,4,,999,4000,18,360,90,180,700,可增加英雄经验500点,4,500,,,,,,,,,,1,4000
61004,经验之书,book_exp_4,3,7,,999,20000,2,2,2,2,2,可增加英雄经验1500点,4,1500,,,,,,,,,,1,20000
61005,地精硬币,61005,3,1,,999,500,2,2,2,2,2,出售可获得500金币,3,500,,,,,,,,,,1,500
61006,弹簧齿轮,61006,3,2,,999,1000,2,2,2,2,2,出售可获得1000金币,3,1000,,,,,,,,,,1,1000
61007,瑟银零件,61007,3,4,,999,2000,2,2,2,2,2,出售可获得2000金币,3,2000,,,,,,,,,,1,2000
61008,黄金核心,61008,3,7,,999,5000,2,2,2,2,2,出售可获得5000金币,3,5000,,,,,,,,,,1,5000
61009,奥金炸弹,61009,3,8,,999,10000,2,2,2,2,2,出售可获得10000金币,3,10000,,,,,,,,,,1,10000
61010,船票,61010,3,9,,999,50000,2,2,2,2,2,出售可获得50000金币,3,50000,,,,,,,,,,1,50000
61011,香菇串,61011,3,2,,999,1000,2,2,2,2,2,可增加30体力的香菇串,1,30,,,,,,,,,,1,1000
61012,烤肉串,61012,3,4,,999,2000,2,2,2,2,2,可增加60体力的烤肉串,1,60,,,,,,,,,,1,2000
61013,烤鸡,61013,3,7,,999,5000,2,2,2,2,2,可增加90体力的烤鸡,1,90,,,,,,,,,,1,5000
61101,vip1,vip1,14,1,,,100,,,,,,vip纪念币，售出可获得100金币,3,1,,,,,,,,,,1,
61102,vip2,vip2,14,1,,,100,,,,,,vip纪念币，售出可获得100金币,,1,,,,,,,,,,,
61103,vip3,vip3,14,1,,,100,,,,,,vip纪念币，售出可获得100金币,,1,,,,,,,,,,,
61104,vip4,vip4,14,2,,,100,,,,,,vip纪念币，售出可获得100金币,,1,,,,,,,,,,,
61105,vip5,vip5,14,2,,,100,,,,,,vip纪念币，售出可获得100金币,,1,,,,,,,,,,,
61106,vip6,vip6,14,2,,,100,,,,,,vip纪念币，售出可获得100金币,,1,,,,,,,,,,,
61107,vip7,vip7,14,4,,,100,,,,,,vip纪念币，售出可获得100金币,,1,,,,,,,,,,,
61108,vip8,vip8,14,4,,,100,,,,,,vip纪念币，售出可获得100金币,,1,,,,,,,,,,,
61109,vip9,vip9,14,4,,,100,,,,,,vip纪念币，售出可获得100金币,,1,,,,,,,,,,,
61110,vip10,vip10,14,5,,,100,,,,,,vip纪念币，售出可获得100金币,,1,,,,,,,,,,,
61111,vip11,vip11,14,5,,,100,,,,,,vip纪念币，售出可获得100金币,,1,,,,,,,,,,,
61112,vip12,vip12,14,5,,,100,,,,,,vip纪念币，售出可获得100金币,,1,,,,,,,,,,,
61113,vip13,vip13,14,6,,,100,,,,,,vip纪念币，售出可获得100金币,,1,,,,,,,,,,,
61114,vip14,vip14,14,6,,,100,,,,,,vip纪念币，售出可获得100金币,,1,,,,,,,,,,,
61115,vip15,vip15,14,6,,,100,,,,,,vip纪念币，售出可获得100金币,,1,,,,,,,,,,,
62001,金币,185,3,1,,,,,,,,,通用货币，可以购买各种商品,3,1,,,,,,,,,,1,
62002,钻石,187,3,7,,,,,,,,,高级货币，可以购买稀缺物品,2,1,,,,,,,,,,1,
62003,体力,186,,,,,,,,,,,,1,1,,,,,,,,,,1,
62004,战斗EXP,188,,,,,,,,,,,,1,1,,,,,,,,,,1,
63001,诺森德结晶,189,,5,,,,,,,,,,,,,,,,,,,,,1,
63002,荣誉勋章,190,,5,,,,,,,,,,,,,,,,,,,,,1,
63003,暴风琥珀,191,,5,,,,,,,,,,,,,,,,,,,,,1,
63004,永恒铸币,192,,5,,,,,,,,,,,,,,,,,,,,,1,
30001,潮汐猎人魂石,cxlr_icon,6,4,,,500,100,500,400,600,800,英雄魂石，用于对应英雄的召唤或升星,,,,,,,,,,,,1,5000
30002,龙骑士魂石,lq_icon,6,4,,,500,100,500,400,600,800,英雄魂石，用于对应英雄的召唤或升星,,,,,,,,,,,,1,5000
30004,斧王魂石,fw_icon,6,4,,,500,100,500,400,600,800,英雄魂石，用于对应英雄的召唤或升星,,,,,,,,,,,,1,5000
30005,撼地神牛魂石,ln_icon,6,4,,,500,100,500,400,600,800,英雄魂石，用于对应英雄的召唤或升星,,,,,,,,,,,,1,5000
30006,船长魂石,cz_icon,6,4,,,500,100,500,400,600,800,英雄魂石，用于对应英雄的召唤或升星,,,,,,,,,,,,1,5000
30007,流浪剑客魂石,lljk_icon,6,4,,,500,100,500,400,600,800,英雄魂石，用于对应英雄的召唤或升星,,,,,,,,,,,,1,5000
30008,半人马魂石,brm_icon,6,4,,,500,100,500,400,600,800,英雄魂石，用于对应英雄的召唤或升星,,,,,,,,,,,,0,5000
30009,全能骑士魂石,qn_icon,6,4,,,500,100,500,400,600,800,英雄魂石，用于对应英雄的召唤或升星,,,,,,,,,,,,1,5000
30010,兽王魂石,sw_icon,6,4,,,500,100,500,400,600,800,英雄魂石，用于对应英雄的召唤或升星,,,,,,,,,,,,1,5000
30011,炼金术士魂石,ljss_icon,6,4,,,500,100,500,400,600,800,英雄魂石，用于对应英雄的召唤或升星,,,,,,,,,,,,0,5000
30012,骷髅王魂石,klw_icon,6,4,,,500,100,500,400,600,800,英雄魂石，用于对应英雄的召唤或升星,,,,,,,,,,,,0,5000
30013,末日使者魂石,mrsw_icon,6,4,,,500,100,500,400,600,800,英雄魂石，用于对应英雄的召唤或升星,,,,,,,,,,,,0,5000
30014,鱼人守卫魂石,dyr_icon,6,4,,,500,100,500,400,600,800,英雄魂石，用于对应英雄的召唤或升星,,,,,,,,,,,,0,5000
30015,熊猫酒仙魂石,xmjx_icon,6,4,,,500,100,500,400,600,800,英雄魂石，用于对应英雄的召唤或升星,,,,,,,,,,,,1,5000
30019,狼人魂石,lr_icon,6,4,,,500,100,500,400,600,800,英雄魂石，用于对应英雄的召唤或升星,,,,,,,,,,,,0,5000
30020,地狱领主魂石,swqs_icon,6,4,,,500,100,500,400,600,800,英雄魂石，用于对应英雄的召唤或升星,,,,,,,,,,,,0,5000
30021,拍拍魂石,ppx_icon,6,4,,,500,100,500,400,600,800,英雄魂石，用于对应英雄的召唤或升星,,,,,,,,,,,,1,5000
30022,变体精灵魂石,sys_icon,6,4,,,500,100,500,400,600,800,英雄魂石，用于对应英雄的召唤或升星,,,,,,,,,,,,0,5000
30023,鱼人行者魂石,xyr_icon,6,4,,,500,100,500,400,600,800,英雄魂石，用于对应英雄的召唤或升星,,,,,,,,,,,,0,5000
30024,剑圣魂石,js_icon,6,4,,,500,100,500,400,600,800,英雄魂石，用于对应英雄的召唤或升星,,,,,,,,,,,,1,5000
30025,月之骑士魂石,yzqs_icon,6,4,,,500,100,500,400,600,800,英雄魂石，用于对应英雄的召唤或升星,,,,,,,,,,,,0,5000
30026,火枪魂石,huoqiang_icon,6,4,,,500,100,500,400,600,800,英雄魂石，用于对应英雄的召唤或升星,,,,,,,,,,,,0,5000
30027,赏金猎人魂石,sjlr_icon,6,4,,,500,100,500,400,600,800,英雄魂石，用于对应英雄的召唤或升星,,,,,,,,,,,,0,5000
30028,敌法师魂石,dfs_icon,6,4,,,500,100,500,400,600,800,英雄魂石，用于对应英雄的召唤或升星,,,,,,,,,,,,1,5000
30029,黑暗游侠魂石,xiaohei_icon,6,4,,,500,100,500,400,600,800,英雄魂石，用于对应英雄的召唤或升星,,,,,,,,,,,,1,5000
30030,猴子魂石,hz_icon,6,4,,,500,100,500,400,600,800,英雄魂石，用于对应英雄的召唤或升星,,,,,,,,,,,,0,5000
30031,白虎魂石,yn_icon,6,4,,,500,100,500,400,600,800,英雄魂石，用于对应英雄的召唤或升星,,,,,,,,,,,,0,5000
30032,圣堂刺客魂石,stck_icon,6,4,,,500,100,500,400,600,800,英雄魂石，用于对应英雄的召唤或升星,,,,,,,,,,,,0,5000
30033,灵魂守卫魂石,hs_icon,6,4,,,500,100,500,400,600,800,英雄魂石，用于对应英雄的召唤或升星,,,,,,,,,,,,0,5000
30036,影魔魂石,ym_icon,6,4,,,500,100,500,400,600,800,英雄魂石，用于对应英雄的召唤或升星,,,,,,,,,,,,1,5000
30037,虚空假面魂石,xkjm_icon,6,4,,,500,100,500,400,600,800,英雄魂石，用于对应英雄的召唤或升星,,,,,,,,,,,,1,5000
30038,水晶室女魂石,bv_icon,6,4,,,500,100,500,400,600,800,英雄魂石，用于对应英雄的召唤或升星,,,,,,,,,,,,1,5000
30039,火女魂石,hn_icon,6,4,,,500,100,500,400,600,800,英雄魂石，用于对应英雄的召唤或升星,,,,,,,,,,,,1,5000
30040,暗影萨满魂石,aysm_icon,6,4,,,500,100,500,400,600,800,英雄魂石，用于对应英雄的召唤或升星,,,,,,,,,,,,1,5000
30043,蓝胖魂石,srmfs_icon,6,4,,,500,100,500,400,600,800,英雄魂石，用于对应英雄的召唤或升星,,,,,,,,,,,,0,5000
30044,风暴之灵魂石,panda_icon,6,4,,,500,100,500,400,600,800,英雄魂石，用于对应英雄的召唤或升星,,,,,,,,,,,,0,5000
30045,仙女龙魂石,xnl_icon,6,4,,,500,100,500,400,600,800,英雄魂石，用于对应英雄的召唤或升星,,,,,,,,,,,,0,5000
30046,巫妖魂石,wy_icon,6,4,,,500,100,500,400,600,800,英雄魂石，用于对应英雄的召唤或升星,,,,,,,,,,,,0,5000
30047,黑鸟魂石,hy_icon,6,4,,,500,100,500,400,600,800,英雄魂石，用于对应英雄的召唤或升星,,,,,,,,,,,,0,5000
30048,术士魂石,ss_icon,6,4,,,500,100,500,400,600,800,英雄魂石，用于对应英雄的召唤或升星,,,,,,,,,,,,0,5000
30049,痛苦女王魂石,tknw_icon,6,4,,,500,100,500,400,600,800,英雄魂石，用于对应英雄的召唤或升星,,,,,,,,,,,,1,5000
30050,修补匠魂石,djxbj_icon,6,4,,,500,100,500,400,600,800,英雄魂石，用于对应英雄的召唤或升星,,,,,,,,,,,,0,5000
30051,召唤师魂石,zhs_icon,6,4,,,500,100,500,400,600,800,英雄魂石，用于对应英雄的召唤或升星,,,,,,,,,,,,0,5000
30052,风行者魂石,fxz_icon,6,4,,,500,100,500,400,600,800,英雄魂石，用于对应英雄的召唤或升星,,,,,,,,,,,,1,5000
30053,众神之王魂石,sq_icon,6,4,,,500,100,500,400,600,800,英雄魂石，用于对应英雄的召唤或升星,,,,,,,,,,,,1,5000
30054,先知魂石,xz_icon,6,4,,,500,100,500,400,600,800,英雄魂石，用于对应英雄的召唤或升星,,,,,,,,,,,,0,5000
30055,暗牧魂石,am_icon,6,4,,,500,100,500,400,600,800,英雄魂石，用于对应英雄的召唤或升星,,,,,,,,,,,,0,5000
30056,小鹿魂石,xl_icon,6,4,,,500,100,500,400,600,800,英雄魂石，用于对应英雄的召唤或升星,,,,,,,,,,,,1,5000
30057,死灵法师魂石,slfs_icon,6,4,,,500,100,500,400,600,800,英雄魂石，用于对应英雄的召唤或升星,,,,,,,,,,,,1,5000
30058,牛头酋长魂石,ntr_icon,6,4,,,500,100,500,400,600,800,英雄魂石，用于对应英雄的召唤或升星,,,,,,,,,,,,0,5000
71001,符文碎片,fuwen_71001,10,,,,100,20,160,100,160,400,符文升级所需的材料,,,,,,,,,,,,1,1000
71002,力量符文,fuwen_71002,10,,,,200,100,800,500,800,2000,来自上古神匠的特殊工艺，根据神典记载，名为—力量符文,,,,,,,,,,,,1,2000
71003,敏捷符文,fuwen_71003,10,,,,200,100,800,500,800,2000,来自上古神匠的特殊工艺，根据神典记载，名为—敏捷符文,,,,,,,,,,,,1,2000
71004,智力符文,fuwen_71004,10,,,,200,100,800,500,800,2000,来自上古神匠的特殊工艺，根据神典记载，名为—智力符文,,,,,,,,,,,,1,2000
71005,智袭符文,fuwen_71005,10,,,,200,100,800,500,800,2000,来自上古神匠的特殊工艺，根据神典记载，名为—智袭符文,,,,,,,,,,,,1,2000
71006,攻击符文,fuwen_71006,10,,,,200,100,800,500,800,2000,来自上古神匠的特殊工艺，根据神典记载，名为—攻击符文,,,,,,,,,,,,1,2000
71007,猛攻符文,fuwen_71007,10,,,,200,100,800,500,800,2000,来自上古神匠的特殊工艺，根据神典记载，名为—猛攻符文,,,,,,,,,,,,1,2000
71008,破击符文,fuwen_71008,10,,,,200,100,800,500,800,2000,来自上古神匠的特殊工艺，根据神典记载，名为—破击符文,,,,,,,,,,,,1,2000
71009,强袭符文,fuwen_71009,10,,,,200,100,800,500,800,2000,来自上古神匠的特殊工艺，根据神典记载，名为—强袭符文,,,,,,,,,,,,1,2000
71010,猛攻符文,fuwen_71010,10,,,,200,100,800,500,800,2000,来自上古神匠的特殊工艺，根据神典记载，名为—猛攻符文,,,,,,,,,,,,0,2000
71011,强壮符文,fuwen_71011,10,,,,200,100,800,500,800,2000,来自上古神匠的特殊工艺，根据神典记载，名为—强壮符文,,,,,,,,,,,,0,2000
71012,迅捷符文,fuwen_71012,10,,,,200,100,800,500,800,2000,来自上古神匠的特殊工艺，根据神典记载，名为—迅捷符文,,,,,,,,,,,,0,2000
71013,睿智符文,fuwen_71013,10,,,,200,100,800,500,800,2000,来自上古神匠的特殊工艺，根据神典记载，名为—睿智符文,,,,,,,,,,,,0,2000
71014,狂怒符文,fuwen_71014,10,,,,200,100,800,500,800,2000,来自上古神匠的特殊工艺，根据神典记载，名为—狂怒符文,,,,,,,,,,,,0,2000
71015,全能符文,fuwen_71015,10,,,,200,100,800,500,800,2000,来自上古神匠的特殊工艺，根据神典记载，名为—全能符文,,,,,,,,,,,,0,2000
71016,备用符文,fuwen_71016,10,,,,200,100,800,500,800,2000,来自上古神匠的特殊工艺，根据神典记载，名为—备用符文,,,,,,,,,,,,0,2000
71017,备用符文,fuwen_71017,10,,,,200,100,800,500,800,2000,来自上古神匠的特殊工艺，根据神典记载，名为—备用符文,,,,,,,,,,,,0,2000
72002,抗性符文,fuwen_72002,10,,,,200,100,800,500,800,2000,来自上古神匠的特殊工艺，根据神典记载，名为—抗性符文,,,,,,,,,,,,1,2000
72003,御魔符文,fuwen_72003,10,,,,200,100,800,500,800,2000,来自上古神匠的特殊工艺，根据神典记载，名为—御魔符文,,,,,,,,,,,,1,2000
72004,御甲符文,fuwen_72004,10,,,,200,100,800,500,800,2000,来自上古神匠的特殊工艺，根据神典记载，名为—御甲符文,,,,,,,,,,,,1,2000
72005,生命符文,fuwen_72005,10,,,,200,100,800,500,800,2000,来自上古神匠的特殊工艺，根据神典记载，名为—生命符文,,,,,,,,,,,,1,2000
72006,据守符文,fuwen_71011,10,,,,200,100,800,500,800,2000,来自上古神匠的特殊工艺，根据神典记载，名为—据守符文,,,,,,,,,,,,1,2000
72007,备用符文,fuwen_72007,10,,,,200,100,800,500,800,2000,来自上古神匠的特殊工艺，根据神典记载，名为—备用符文,,,,,,,,,,,,0,2000
72008,备用符文,fuwen_72008,10,,,,200,100,800,500,800,2000,来自上古神匠的特殊工艺，根据神典记载，名为—备用符文,,,,,,,,,,,,0,2000
72009,备用符文,fuwen_72009,10,,,,200,100,800,500,800,2000,来自上古神匠的特殊工艺，根据神典记载，名为—备用符文,,,,,,,,,,,,0,2000
72010,备用符文,fuwen_72010,10,,,,200,100,800,500,800,2000,来自上古神匠的特殊工艺，根据神典记载，名为—备用符文,,,,,,,,,,,,0,2000
72011,备用符文,fuwen_72011,10,,,,200,100,800,500,800,2000,来自上古神匠的特殊工艺，根据神典记载，名为—备用符文,,,,,,,,,,,,0,2000
72012,备用符文,fuwen_72012,10,,,,200,100,800,500,800,2000,来自上古神匠的特殊工艺，根据神典记载，名为—备用符文,,,,,,,,,,,,0,2000
72013,备用符文,fuwen_72013,10,,,,200,100,800,500,800,2000,来自上古神匠的特殊工艺，根据神典记载，名为—备用符文,,,,,,,,,,,,0,2000
72014,备用符文,fuwen_72014,10,,,,200,100,800,500,800,2000,来自上古神匠的特殊工艺，根据神典记载，名为—备用符文,,,,,,,,,,,,0,2000
72015,备用符文,fuwen_72015,10,,,,200,100,800,500,800,2000,来自上古神匠的特殊工艺，根据神典记载，名为—备用符文,,,,,,,,,,,,0,2000
72016,备用符文,fuwen_72016,10,,,,200,100,800,500,800,2000,来自上古神匠的特殊工艺，根据神典记载，名为—备用符文,,,,,,,,,,,,0,2000
72017,备用符文,fuwen_72017,10,,,,200,100,800,500,800,2000,来自上古神匠的特殊工艺，根据神典记载，名为—备用符文,,,,,,,,,,,,0,2000
73002,全能符文,fuwen_73002,10,,,,200,100,800,500,800,2000,来自上古神匠的特殊工艺，根据神典记载，名为—全能符文,,,,,,,,,,,,1,2000
73003,迅捷符文,fuwen_71012,10,,,,200,100,800,500,800,2000,来自上古神匠的特殊工艺，根据神典记载，名为—迅捷符文,,,,,,,,,,,,1,2000
73004,备用符文,fuwen_73004,10,,,,200,100,800,500,800,2000,来自上古神匠的特殊工艺，根据神典记载，名为—备用符文,,,,,,,,,,,,0,2000
73005,备用符文,fuwen_73005,10,,,,200,100,800,500,800,2000,来自上古神匠的特殊工艺，根据神典记载，名为—备用符文,,,,,,,,,,,,0,2000
73006,备用符文,fuwen_73006,10,,,,200,100,800,500,800,2000,来自上古神匠的特殊工艺，根据神典记载，名为—备用符文,,,,,,,,,,,,0,2000
73007,备用符文,fuwen_73007,10,,,,200,100,800,500,800,2000,来自上古神匠的特殊工艺，根据神典记载，名为—备用符文,,,,,,,,,,,,0,2000
73008,备用符文,fuwen_73008,10,,,,200,100,800,500,800,2000,来自上古神匠的特殊工艺，根据神典记载，名为—备用符文,,,,,,,,,,,,0,2000
73009,备用符文,fuwen_73009,10,,,,200,100,800,500,800,2000,来自上古神匠的特殊工艺，根据神典记载，名为—备用符文,,,,,,,,,,,,0,2000
73010,备用符文,fuwen_73010,10,,,,200,100,800,500,800,2000,来自上古神匠的特殊工艺，根据神典记载，名为—备用符文,,,,,,,,,,,,0,2000
73011,备用符文,fuwen_73011,10,,,,200,100,800,500,800,2000,来自上古神匠的特殊工艺，根据神典记载，名为—备用符文,,,,,,,,,,,,0,2000
73012,备用符文,fuwen_73012,10,,,,200,100,800,500,800,2000,来自上古神匠的特殊工艺，根据神典记载，名为—备用符文,,,,,,,,,,,,0,2000
73013,备用符文,fuwen_73013,10,,,,200,100,800,500,800,2000,来自上古神匠的特殊工艺，根据神典记载，名为—备用符文,,,,,,,,,,,,0,2000
73014,备用符文,fuwen_73014,10,,,,200,100,800,500,800,2000,来自上古神匠的特殊工艺，根据神典记载，名为—备用符文,,,,,,,,,,,,0,2000
73015,备用符文,fuwen_73015,10,,,,200,100,800,500,800,2000,来自上古神匠的特殊工艺，根据神典记载，名为—备用符文,,,,,,,,,,,,0,2000
73016,备用符文,fuwen_73016,10,,,,200,100,800,500,800,2000,来自上古神匠的特殊工艺，根据神典记载，名为—备用符文,,,,,,,,,,,,0,2000
73017,备用符文,fuwen_73017,10,,,,200,100,800,500,800,2000,来自上古神匠的特殊工艺，根据神典记载，名为—备用符文,,,,,,,,,,,,0,2000
74002,备用符文,fuwen_74002,10,,,,200,100,800,500,800,2000,来自上古神匠的特殊工艺，根据神典记载，名为—疾速符文,,,,,,,,,,,,0,2000
74003,备用符文,fuwen_74003,10,,,,200,100,800,500,800,2000,来自上古神匠的特殊工艺，根据神典记载，名为—备用符文,,,,,,,,,,,,0,2000
74004,备用符文,fuwen_74004,10,,,,200,100,800,500,800,2000,来自上古神匠的特殊工艺，根据神典记载，名为—备用符文,,,,,,,,,,,,0,2000
74005,备用符文,fuwen_74005,10,,,,200,100,800,500,800,2000,来自上古神匠的特殊工艺，根据神典记载，名为—备用符文,,,,,,,,,,,,0,2000
74006,备用符文,fuwen_74006,10,,,,200,100,800,500,800,2000,来自上古神匠的特殊工艺，根据神典记载，名为—备用符文,,,,,,,,,,,,0,2000
74007,备用符文,fuwen_74007,10,,,,200,100,800,500,800,2000,来自上古神匠的特殊工艺，根据神典记载，名为—备用符文,,,,,,,,,,,,0,2000
74008,备用符文,fuwen_74008,10,,,,200,100,800,500,800,2000,来自上古神匠的特殊工艺，根据神典记载，名为—备用符文,,,,,,,,,,,,0,2000
74009,备用符文,fuwen_74009,10,,,,200,100,800,500,800,2000,来自上古神匠的特殊工艺，根据神典记载，名为—备用符文,,,,,,,,,,,,0,2000
74010,备用符文,fuwen_74010,10,,,,200,100,800,500,800,2000,来自上古神匠的特殊工艺，根据神典记载，名为—备用符文,,,,,,,,,,,,0,2000
74011,备用符文,fuwen_74011,10,,,,200,100,800,500,800,2000,来自上古神匠的特殊工艺，根据神典记载，名为—备用符文,,,,,,,,,,,,0,2000
74012,备用符文,fuwen_74012,10,,,,200,100,800,500,800,2000,来自上古神匠的特殊工艺，根据神典记载，名为—备用符文,,,,,,,,,,,,0,2000
74013,备用符文,fuwen_74013,10,,,,200,100,800,500,800,2000,来自上古神匠的特殊工艺，根据神典记载，名为—备用符文,,,,,,,,,,,,0,2000
74014,备用符文,fuwen_74014,10,,,,200,100,800,500,800,2000,来自上古神匠的特殊工艺，根据神典记载，名为—备用符文,,,,,,,,,,,,0,2000
74015,备用符文,fuwen_74015,10,,,,200,100,800,500,800,2000,来自上古神匠的特殊工艺，根据神典记载，名为—备用符文,,,,,,,,,,,,0,2000
74016,备用符文,fuwen_74016,10,,,,200,100,800,500,800,2000,来自上古神匠的特殊工艺，根据神典记载，名为—备用符文,,,,,,,,,,,,0,2000
74017,备用符文,fuwen_74017,10,,,,200,100,800,500,800,2000,来自上古神匠的特殊工艺，根据神典记载，名为—备用符文,,,,,,,,,,,,0,2000
81001,五级利刃雕文,,9,,,,500,50,400,250,400,1000,雕文的描述,,,,,,,,,,,,0,5000
81002,六级利刃雕文,,9,,,,500,50,400,250,400,1000,雕文的描述,,,,,,,,,,,,0,5000
81003,一级附魔雕文,,9,,,,500,50,400,250,400,1000,雕文的描述,,,,,,,,,,,,0,5000
81004,二级附魔雕文,,9,,,,500,50,400,250,400,1000,雕文的描述,,,,,,,,,,,,0,5000
81005,三级附魔雕文,,9,,,,500,50,400,250,400,1000,雕文的描述,,,,,,,,,,,,0,5000
81006,四级附魔雕文,,9,,,,500,50,400,250,400,1000,雕文的描述,,,,,,,,,,,,0,5000
81007,五级附魔雕文,,9,,,,500,50,400,250,400,1000,雕文的描述,,,,,,,,,,,,0,5000
81008,六级附魔雕文,,9,,,,500,50,400,250,400,1000,雕文的描述,,,,,,,,,,,,0,5000
81009,一级不屈雕文,,9,,,,500,50,400,250,400,1000,雕文的描述,,,,,,,,,,,,0,5000
81010,二级不屈雕文,,9,,,,500,50,400,250,400,1000,雕文的描述,,,,,,,,,,,,0,5000
112001,铁矿石,102001,13,2,,9999,20,1,4,3,5,4,白色装备提升为绿色装备所需要的材料,,,,,,,,,,,,1,200
112002,铜矿石,102002,13,4,,9999,40,2,8,6,10,8,绿色装备提升为蓝色装备所需要的材料,,,,,,,,,,,,1,400
112003,银矿石,102003,13,7,,9999,60,4,16,12,20,16,蓝色装备提升为紫色装备所需要的材料,,,,,,,,,,,,1,600
112004,金矿石,102004,13,11,,9999,80,8,32,24,40,32,紫色装备提升为橙色装备所需要的材料,,,,,,,,,,,,1,800
112005,秘银矿石,102005,13,11,,9999,100,16,64,48,80,64,橙色装备提升为红色装备所需要的材料,,,,,,,,,,,,1,1000
113001,普通强化石,103001,13,1,,9999,10,1,4,3,5,4,白色装备强化所需的材料,,,,,,,,,,,,1,100
113002,优质强化石,103002,13,2,,9999,20,2,8,6,10,8,绿色装备强化所需的材料,,,,,,,,,,,,1,200
113003,精良强化石,103003,13,4,,9999,40,4,16,12,20,16,蓝色装备强化所需的材料,,,,,,,,,,,,1,400
113004,稀有强化石,103004,13,7,,9999,60,8,32,24,40,32,紫色装备强化所需的材料,,,,,,,,,,,,1,600
113005,传奇强化石,103005,13,11,,9999,80,16,64,48,80,64,橙色装备强化所需的材料,,,,,,,,,,,,1,800
91101,一阶风暴水晶,91101,11,1,,999,200,1000,8000,5000,8000,20000,蕴含神秘力量的特殊物质，激活后可获得属性增益,,,,,,,,,,,,0,2000
91102,一阶自然核心,91102,11,1,,999,200,1000,8000,5000,8000,20000,蕴含神秘力量的特殊物质，激活后可获得属性增益,,,,,,,,,,,,0,2000
91103,一阶大地核心,91103,11,1,,999,200,1000,8000,5000,8000,20000,蕴含神秘力量的特殊物质，激活后可获得属性增益,,,,,,,,,,,,0,2000
91104,一阶冰霜之核,91104,11,1,,999,200,1000,8000,5000,8000,20000,蕴含神秘力量的特殊物质，激活后可获得属性增益,,,,,,,,,,,,0,2000
91105,一阶魔能之匣,91105,11,1,,999,200,1000,8000,5000,8000,20000,蕴含神秘力量的特殊物质，激活后可获得属性增益,,,,,,,,,,,,0,2000
91106,一阶魔血之匣,91106,11,1,,999,200,1000,8000,5000,8000,20000,蕴含神秘力量的特殊物质，激活后可获得属性增益,,,,,,,,,,,,0,2000
91107,一阶治愈之匣,91107,11,1,,999,200,1000,8000,5000,8000,20000,蕴含神秘力量的特殊物质，激活后可获得属性增益,,,,,,,,,,,,0,2000
91108,一阶暗影符印,91108,11,1,,999,200,1000,8000,5000,8000,20000,蕴含神秘力量的特殊物质，激活后可获得属性增益,,,,,,,,,,,,0,2000
91109,一阶恐鳌之心,91109,11,1,,999,200,1000,8000,5000,8000,20000,蕴含神秘力量的特殊物质，激活后可获得属性增益,,,,,,,,,,,,0,2000
91110,一阶诺斯之心,91110,11,1,,999,200,1000,8000,5000,8000,20000,蕴含神秘力量的特殊物质，激活后可获得属性增益,,,,,,,,,,,,0,2000
91111,一阶翡翠之心,91111,11,1,,999,200,1000,8000,5000,8000,20000,蕴含神秘力量的特殊物质，激活后可获得属性增益,,,,,,,,,,,,0,2000
91112,一阶嗜血之力,91112,11,1,,999,200,1000,8000,5000,8000,20000,蕴含神秘力量的特殊物质，激活后可获得属性增益,,,,,,,,,,,,0,2000
91113,一阶涨潮之力,91113,11,1,,999,200,1000,8000,5000,8000,20000,蕴含神秘力量的特殊物质，激活后可获得属性增益,,,,,,,,,,,,0,2000
91114,一阶献祭之颅,91114,11,1,,999,200,1000,8000,5000,8000,20000,蕴含神秘力量的特殊物质，激活后可获得属性增益,,,,,,,,,,,,0,2000
91115,一阶禁锢符印,91115,11,1,,999,200,1000,8000,5000,8000,20000,蕴含神秘力量的特殊物质，激活后可获得属性增益,,,,,,,,,,,,0,2000
91201,二阶风暴水晶,91101,11,2,,999,200,1000,8000,5000,8000,20000,蕴含神秘力量的特殊物质，激活后可获得属性增益,,,,,,,,,,,,0,2000
91202,二阶自然核心,91102,11,2,,999,200,1000,8000,5000,8000,20000,蕴含神秘力量的特殊物质，激活后可获得属性增益,,,,,,,,,,,,0,2000
91203,二阶大地核心,91103,11,2,,999,200,1000,8000,5000,8000,20000,蕴含神秘力量的特殊物质，激活后可获得属性增益,,,,,,,,,,,,0,2000
91204,二阶冰霜之核,91104,11,2,,999,200,1000,8000,5000,8000,20000,蕴含神秘力量的特殊物质，激活后可获得属性增益,,,,,,,,,,,,0,2000
91205,二阶魔能之匣,91105,11,2,,999,200,1000,8000,5000,8000,20000,蕴含神秘力量的特殊物质，激活后可获得属性增益,,,,,,,,,,,,0,2000
91206,二阶魔血之匣,91106,11,2,,999,200,1000,8000,5000,8000,20000,蕴含神秘力量的特殊物质，激活后可获得属性增益,,,,,,,,,,,,0,2000
91207,二阶治愈之匣,91107,11,2,,999,200,1000,8000,5000,8000,20000,蕴含神秘力量的特殊物质，激活后可获得属性增益,,,,,,,,,,,,0,2000
91208,二阶暗影符印,91108,11,2,,999,200,1000,8000,5000,8000,20000,蕴含神秘力量的特殊物质，激活后可获得属性增益,,,,,,,,,,,,0,2000
91209,二阶恐鳌之心,91109,11,2,,999,200,1000,8000,5000,8000,20000,蕴含神秘力量的特殊物质，激活后可获得属性增益,,,,,,,,,,,,0,2000
91210,二阶诺斯之心,91110,11,2,,999,200,1000,8000,5000,8000,20000,蕴含神秘力量的特殊物质，激活后可获得属性增益,,,,,,,,,,,,0,2000
91211,二阶翡翠之心,91111,11,2,,999,200,1000,8000,5000,8000,20000,蕴含神秘力量的特殊物质，激活后可获得属性增益,,,,,,,,,,,,0,2000
91212,二阶嗜血之力,91112,11,2,,999,200,1000,8000,5000,8000,20000,蕴含神秘力量的特殊物质，激活后可获得属性增益,,,,,,,,,,,,0,2000
91213,二阶涨潮之力,91113,11,2,,999,200,1000,8000,5000,8000,20000,蕴含神秘力量的特殊物质，激活后可获得属性增益,,,,,,,,,,,,0,2000
91214,二阶献祭之颅,91114,11,2,,999,200,1000,8000,5000,8000,20000,蕴含神秘力量的特殊物质，激活后可获得属性增益,,,,,,,,,,,,0,2000
91215,二阶禁锢符印,91115,11,2,,999,200,1000,8000,5000,8000,20000,蕴含神秘力量的特殊物质，激活后可获得属性增益,,,,,,,,,,,,0,2000
91301,三阶风暴水晶,91101,11,3,,999,200,1000,8000,5000,8000,20000,蕴含神秘力量的特殊物质，激活后可获得属性增益,,,,,,,,,,,,0,2000
91302,三阶自然核心,91102,11,3,,999,200,1000,8000,5000,8000,20000,蕴含神秘力量的特殊物质，激活后可获得属性增益,,,,,,,,,,,,0,2000
91303,三阶大地核心,91103,11,3,,999,200,1000,8000,5000,8000,20000,蕴含神秘力量的特殊物质，激活后可获得属性增益,,,,,,,,,,,,0,2000
91304,三阶冰霜之核,91104,11,3,,999,200,1000,8000,5000,8000,20000,蕴含神秘力量的特殊物质，激活后可获得属性增益,,,,,,,,,,,,0,2000
91305,三阶魔能之匣,91105,11,3,,999,200,1000,8000,5000,8000,20000,蕴含神秘力量的特殊物质，激活后可获得属性增益,,,,,,,,,,,,0,2000
91306,三阶魔血之匣,91106,11,3,,999,200,1000,8000,5000,8000,20000,蕴含神秘力量的特殊物质，激活后可获得属性增益,,,,,,,,,,,,0,2000
91307,三阶治愈之匣,91107,11,3,,999,200,1000,8000,5000,8000,20000,蕴含神秘力量的特殊物质，激活后可获得属性增益,,,,,,,,,,,,0,2000
91308,三阶暗影符印,91108,11,3,,999,200,1000,8000,5000,8000,20000,蕴含神秘力量的特殊物质，激活后可获得属性增益,,,,,,,,,,,,0,2000
91309,三阶恐鳌之心,91109,11,3,,999,200,1000,8000,5000,8000,20000,蕴含神秘力量的特殊物质，激活后可获得属性增益,,,,,,,,,,,,0,2000
91310,三阶诺斯之心,91110,11,3,,999,200,1000,8000,5000,8000,20000,蕴含神秘力量的特殊物质，激活后可获得属性增益,,,,,,,,,,,,0,2000
91311,三阶翡翠之心,91111,11,3,,999,200,1000,8000,5000,8000,20000,蕴含神秘力量的特殊物质，激活后可获得属性增益,,,,,,,,,,,,0,2000
91312,三阶嗜血之力,91112,11,3,,999,200,1000,8000,5000,8000,20000,蕴含神秘力量的特殊物质，激活后可获得属性增益,,,,,,,,,,,,0,2000
91313,三阶涨潮之力,91113,11,3,,999,200,1000,8000,5000,8000,20000,蕴含神秘力量的特殊物质，激活后可获得属性增益,,,,,,,,,,,,0,2000
91314,三阶献祭之颅,91114,11,3,,999,200,1000,8000,5000,8000,20000,蕴含神秘力量的特殊物质，激活后可获得属性增益,,,,,,,,,,,,0,2000
91315,三阶禁锢符印,91115,11,3,,999,200,1000,8000,5000,8000,20000,蕴含神秘力量的特殊物质，激活后可获得属性增益,,,,,,,,,,,,0,2000
91401,四阶风暴水晶,91101,11,4,,999,200,1000,8000,5000,8000,20000,蕴含神秘力量的特殊物质，激活后可获得属性增益,,,,,,,,,,,,0,2000
91402,四阶自然核心,91102,11,4,,999,200,1000,8000,5000,8000,20000,蕴含神秘力量的特殊物质，激活后可获得属性增益,,,,,,,,,,,,0,2000
91403,四阶大地核心,91103,11,4,,999,200,1000,8000,5000,8000,20000,蕴含神秘力量的特殊物质，激活后可获得属性增益,,,,,,,,,,,,0,2000
91404,四阶冰霜之核,91104,11,4,,999,200,1000,8000,5000,8000,20000,蕴含神秘力量的特殊物质，激活后可获得属性增益,,,,,,,,,,,,0,2000
91405,四阶魔能之匣,91105,11,4,,999,200,1000,8000,5000,8000,20000,蕴含神秘力量的特殊物质，激活后可获得属性增益,,,,,,,,,,,,0,2000
91406,四阶魔血之匣,91106,11,4,,999,200,1000,8000,5000,8000,20000,蕴含神秘力量的特殊物质，激活后可获得属性增益,,,,,,,,,,,,0,2000
91407,四阶治愈之匣,91107,11,4,,999,200,1000,8000,5000,8000,20000,蕴含神秘力量的特殊物质，激活后可获得属性增益,,,,,,,,,,,,0,2000
91408,四阶暗影符印,91108,11,4,,999,200,1000,8000,5000,8000,20000,蕴含神秘力量的特殊物质，激活后可获得属性增益,,,,,,,,,,,,0,2000
91409,四阶恐鳌之心,91109,11,4,,999,200,1000,8000,5000,8000,20000,蕴含神秘力量的特殊物质，激活后可获得属性增益,,,,,,,,,,,,0,2000
91410,四阶诺斯之心,91110,11,4,,999,200,1000,8000,5000,8000,20000,蕴含神秘力量的特殊物质，激活后可获得属性增益,,,,,,,,,,,,0,2000
91411,四阶翡翠之心,91111,11,4,,999,200,1000,8000,5000,8000,20000,蕴含神秘力量的特殊物质，激活后可获得属性增益,,,,,,,,,,,,0,2000
91412,四阶嗜血之力,91112,11,4,,999,200,1000,8000,5000,8000,20000,蕴含神秘力量的特殊物质，激活后可获得属性增益,,,,,,,,,,,,0,2000
91413,四阶涨潮之力,91113,11,4,,999,200,1000,8000,5000,8000,20000,蕴含神秘力量的特殊物质，激活后可获得属性增益,,,,,,,,,,,,0,2000
91414,四阶献祭之颅,91114,11,4,,999,200,1000,8000,5000,8000,20000,蕴含神秘力量的特殊物质，激活后可获得属性增益,,,,,,,,,,,,0,2000
91415,四阶禁锢符印,91115,11,4,,999,200,1000,8000,5000,8000,20000,蕴含神秘力量的特殊物质，激活后可获得属性增益,,,,,,,,,,,,0,2000
91501,五阶风暴水晶,91101,11,5,,999,200,1000,8000,5000,8000,20000,蕴含神秘力量的特殊物质，激活后可获得属性增益,,,,,,,,,,,,0,2000
91502,五阶自然核心,91102,11,5,,999,200,1000,8000,5000,8000,20000,蕴含神秘力量的特殊物质，激活后可获得属性增益,,,,,,,,,,,,0,2000
91503,五阶大地核心,91103,11,5,,999,200,1000,8000,5000,8000,20000,蕴含神秘力量的特殊物质，激活后可获得属性增益,,,,,,,,,,,,0,2000
91504,五阶冰霜之核,91104,11,5,,999,200,1000,8000,5000,8000,20000,蕴含神秘力量的特殊物质，激活后可获得属性增益,,,,,,,,,,,,0,2000
91505,五阶魔能之匣,91105,11,5,,999,200,1000,8000,5000,8000,20000,蕴含神秘力量的特殊物质，激活后可获得属性增益,,,,,,,,,,,,0,2000
91506,五阶魔血之匣,91106,11,5,,999,200,1000,8000,5000,8000,20000,蕴含神秘力量的特殊物质，激活后可获得属性增益,,,,,,,,,,,,0,2000
91507,五阶治愈之匣,91107,11,5,,999,200,1000,8000,5000,8000,20000,蕴含神秘力量的特殊物质，激活后可获得属性增益,,,,,,,,,,,,0,2000
91508,五阶暗影符印,91108,11,5,,999,200,1000,8000,5000,8000,20000,蕴含神秘力量的特殊物质，激活后可获得属性增益,,,,,,,,,,,,0,2000
91509,五阶恐鳌之心,91109,11,5,,999,200,1000,8000,5000,8000,20000,蕴含神秘力量的特殊物质，激活后可获得属性增益,,,,,,,,,,,,0,2000
91510,五阶诺斯之心,91110,11,5,,999,200,1000,8000,5000,8000,20000,蕴含神秘力量的特殊物质，激活后可获得属性增益,,,,,,,,,,,,0,2000
91511,五阶翡翠之心,91111,11,5,,999,200,1000,8000,5000,8000,20000,蕴含神秘力量的特殊物质，激活后可获得属性增益,,,,,,,,,,,,0,2000
91512,五阶嗜血之力,91112,11,5,,999,200,1000,8000,5000,8000,20000,蕴含神秘力量的特殊物质，激活后可获得属性增益,,,,,,,,,,,,0,2000
91513,五阶涨潮之力,91113,11,5,,999,200,1000,8000,5000,8000,20000,蕴含神秘力量的特殊物质，激活后可获得属性增益,,,,,,,,,,,,0,2000
91514,五阶献祭之颅,91114,11,5,,999,200,1000,8000,5000,8000,20000,蕴含神秘力量的特殊物质，激活后可获得属性增益,,,,,,,,,,,,0,2000
91515,五阶禁锢符印,91115,11,5,,999,200,1000,8000,5000,8000,20000,蕴含神秘力量的特殊物质，激活后可获得属性增益,,,,,,,,,,,,0,2000
91601,六阶风暴水晶,91101,11,6,,999,200,1000,8000,5000,8000,20000,蕴含神秘力量的特殊物质，激活后可获得属性增益,,,,,,,,,,,,0,2000
91602,六阶自然核心,91102,11,6,,999,200,1000,8000,5000,8000,20000,蕴含神秘力量的特殊物质，激活后可获得属性增益,,,,,,,,,,,,0,2000
91603,六阶大地核心,91103,11,6,,999,200,1000,8000,5000,8000,20000,蕴含神秘力量的特殊物质，激活后可获得属性增益,,,,,,,,,,,,0,2000
91604,六阶冰霜之核,91104,11,6,,999,200,1000,8000,5000,8000,20000,蕴含神秘力量的特殊物质，激活后可获得属性增益,,,,,,,,,,,,0,2000
91605,六阶魔能之匣,91105,11,6,,999,200,1000,8000,5000,8000,20000,蕴含神秘力量的特殊物质，激活后可获得属性增益,,,,,,,,,,,,0,2000
91606,六阶魔血之匣,91106,11,6,,999,200,1000,8000,5000,8000,20000,蕴含神秘力量的特殊物质，激活后可获得属性增益,,,,,,,,,,,,0,2000
91607,六阶治愈之匣,91107,11,6,,999,200,1000,8000,5000,8000,20000,蕴含神秘力量的特殊物质，激活后可获得属性增益,,,,,,,,,,,,0,2000
91608,六阶暗影符印,91108,11,6,,999,200,1000,8000,5000,8000,20000,蕴含神秘力量的特殊物质，激活后可获得属性增益,,,,,,,,,,,,0,2000
91609,六阶恐鳌之心,91109,11,6,,999,200,1000,8000,5000,8000,20000,蕴含神秘力量的特殊物质，激活后可获得属性增益,,,,,,,,,,,,0,2000
91610,六阶诺斯之心,91110,11,6,,999,200,1000,8000,5000,8000,20000,蕴含神秘力量的特殊物质，激活后可获得属性增益,,,,,,,,,,,,0,2000
91611,六阶翡翠之心,91111,11,6,,999,200,1000,8000,5000,8000,20000,蕴含神秘力量的特殊物质，激活后可获得属性增益,,,,,,,,,,,,0,2000
91612,六阶嗜血之力,91112,11,6,,999,200,1000,8000,5000,8000,20000,蕴含神秘力量的特殊物质，激活后可获得属性增益,,,,,,,,,,,,0,2000
91613,六阶涨潮之力,91113,11,6,,999,200,1000,8000,5000,8000,20000,蕴含神秘力量的特殊物质，激活后可获得属性增益,,,,,,,,,,,,0,2000
91614,六阶献祭之颅,91114,11,6,,999,200,1000,8000,5000,8000,20000,蕴含神秘力量的特殊物质，激活后可获得属性增益,,,,,,,,,,,,0,2000
91615,六阶禁锢符印,91115,11,6,,999,200,1000,8000,5000,8000,20000,蕴含神秘力量的特殊物质，激活后可获得属性增益,,,,,,,,,,,,0,2000
91701,七阶风暴水晶,91101,11,7,,999,200,1000,8000,5000,8000,20000,蕴含神秘力量的特殊物质，激活后可获得属性增益,,,,,,,,,,,,0,2000
91702,七阶自然核心,91102,11,7,,999,200,1000,8000,5000,8000,20000,蕴含神秘力量的特殊物质，激活后可获得属性增益,,,,,,,,,,,,0,2000
91703,七阶大地核心,91103,11,7,,999,200,1000,8000,5000,8000,20000,蕴含神秘力量的特殊物质，激活后可获得属性增益,,,,,,,,,,,,0,2000
91704,七阶冰霜之核,91104,11,7,,999,200,1000,8000,5000,8000,20000,蕴含神秘力量的特殊物质，激活后可获得属性增益,,,,,,,,,,,,0,2000
91705,七阶魔能之匣,91105,11,7,,999,200,1000,8000,5000,8000,20000,蕴含神秘力量的特殊物质，激活后可获得属性增益,,,,,,,,,,,,0,2000
91706,七阶魔血之匣,91106,11,7,,999,200,1000,8000,5000,8000,20000,蕴含神秘力量的特殊物质，激活后可获得属性增益,,,,,,,,,,,,0,2000
91707,七阶治愈之匣,91107,11,7,,999,200,1000,8000,5000,8000,20000,蕴含神秘力量的特殊物质，激活后可获得属性增益,,,,,,,,,,,,0,2000
91708,七阶暗影符印,91108,11,7,,999,200,1000,8000,5000,8000,20000,蕴含神秘力量的特殊物质，激活后可获得属性增益,,,,,,,,,,,,0,2000
91709,七阶恐鳌之心,91109,11,7,,999,200,1000,8000,5000,8000,20000,蕴含神秘力量的特殊物质，激活后可获得属性增益,,,,,,,,,,,,0,2000
91710,七阶诺斯之心,91110,11,7,,999,200,1000,8000,5000,8000,20000,蕴含神秘力量的特殊物质，激活后可获得属性增益,,,,,,,,,,,,0,2000
91711,七阶翡翠之心,91111,11,7,,999,200,1000,8000,5000,8000,20000,蕴含神秘力量的特殊物质，激活后可获得属性增益,,,,,,,,,,,,0,2000
91712,七阶嗜血之力,91112,11,7,,999,200,1000,8000,5000,8000,20000,蕴含神秘力量的特殊物质，激活后可获得属性增益,,,,,,,,,,,,0,2000
91713,七阶涨潮之力,91113,11,7,,999,200,1000,8000,5000,8000,20000,蕴含神秘力量的特殊物质，激活后可获得属性增益,,,,,,,,,,,,0,2000
91714,七阶献祭之颅,91114,11,7,,999,200,1000,8000,5000,8000,20000,蕴含神秘力量的特殊物质，激活后可获得属性增益,,,,,,,,,,,,0,2000
91715,七阶禁锢符印,91115,11,7,,999,200,1000,8000,5000,8000,20000,蕴含神秘力量的特殊物质，激活后可获得属性增益,,,,,,,,,,,,0,2000
91801,八阶风暴水晶,91101,11,8,,999,200,1000,8000,5000,8000,20000,蕴含神秘力量的特殊物质，激活后可获得属性增益,,,,,,,,,,,,0,2000
91802,八阶自然核心,91102,11,8,,999,200,1000,8000,5000,8000,20000,蕴含神秘力量的特殊物质，激活后可获得属性增益,,,,,,,,,,,,0,2000
91803,八阶大地核心,91103,11,8,,999,200,1000,8000,5000,8000,20000,蕴含神秘力量的特殊物质，激活后可获得属性增益,,,,,,,,,,,,0,2000
91804,八阶冰霜之核,91104,11,8,,999,200,1000,8000,5000,8000,20000,蕴含神秘力量的特殊物质，激活后可获得属性增益,,,,,,,,,,,,0,2000
91805,八阶魔能之匣,91105,11,8,,999,200,1000,8000,5000,8000,20000,蕴含神秘力量的特殊物质，激活后可获得属性增益,,,,,,,,,,,,0,2000
91806,八阶魔血之匣,91106,11,8,,999,200,1000,8000,5000,8000,20000,蕴含神秘力量的特殊物质，激活后可获得属性增益,,,,,,,,,,,,0,2000
91807,八阶治愈之匣,91107,11,8,,999,200,1000,8000,5000,8000,20000,蕴含神秘力量的特殊物质，激活后可获得属性增益,,,,,,,,,,,,0,2000
91808,八阶暗影符印,91108,11,8,,999,200,1000,8000,5000,8000,20000,蕴含神秘力量的特殊物质，激活后可获得属性增益,,,,,,,,,,,,0,2000
91809,八阶恐鳌之心,91109,11,8,,999,200,1000,8000,5000,8000,20000,蕴含神秘力量的特殊物质，激活后可获得属性增益,,,,,,,,,,,,0,2000
91810,八阶诺斯之心,91110,11,8,,999,200,1000,8000,5000,8000,20000,蕴含神秘力量的特殊物质，激活后可获得属性增益,,,,,,,,,,,,0,2000
91811,八阶翡翠之心,91111,11,8,,999,200,1000,8000,5000,8000,20000,蕴含神秘力量的特殊物质，激活后可获得属性增益,,,,,,,,,,,,0,2000
91812,八阶嗜血之力,91112,11,8,,999,200,1000,8000,5000,8000,20000,蕴含神秘力量的特殊物质，激活后可获得属性增益,,,,,,,,,,,,0,2000
91813,八阶涨潮之力,91113,11,8,,999,200,1000,8000,5000,8000,20000,蕴含神秘力量的特殊物质，激活后可获得属性增益,,,,,,,,,,,,0,2000
91814,八阶献祭之颅,91114,11,8,,999,200,1000,8000,5000,8000,20000,蕴含神秘力量的特殊物质，激活后可获得属性增益,,,,,,,,,,,,0,2000
91815,八阶禁锢符印,91115,11,8,,999,200,1000,8000,5000,8000,20000,蕴含神秘力量的特殊物质，激活后可获得属性增益,,,,,,,,,,,,0,2000
91901,九阶风暴水晶,91101,11,9,,999,200,1000,8000,5000,8000,20000,蕴含神秘力量的特殊物质，激活后可获得属性增益,,,,,,,,,,,,0,2000
91902,九阶自然核心,91102,11,9,,999,200,1000,8000,5000,8000,20000,蕴含神秘力量的特殊物质，激活后可获得属性增益,,,,,,,,,,,,0,2000
91903,九阶大地核心,91103,11,9,,999,200,1000,8000,5000,8000,20000,蕴含神秘力量的特殊物质，激活后可获得属性增益,,,,,,,,,,,,0,2000
91904,九阶冰霜之核,91104,11,9,,999,200,1000,8000,5000,8000,20000,蕴含神秘力量的特殊物质，激活后可获得属性增益,,,,,,,,,,,,0,2000
91905,九阶魔能之匣,91105,11,9,,999,200,1000,8000,5000,8000,20000,蕴含神秘力量的特殊物质，激活后可获得属性增益,,,,,,,,,,,,0,2000
91906,九阶魔血之匣,91106,11,9,,999,200,1000,8000,5000,8000,20000,蕴含神秘力量的特殊物质，激活后可获得属性增益,,,,,,,,,,,,0,2000
91907,九阶治愈之匣,91107,11,9,,999,200,1000,8000,5000,8000,20000,蕴含神秘力量的特殊物质，激活后可获得属性增益,,,,,,,,,,,,0,2000
91908,九阶暗影符印,91108,11,9,,999,200,1000,8000,5000,8000,20000,蕴含神秘力量的特殊物质，激活后可获得属性增益,,,,,,,,,,,,0,2000
91909,九阶恐鳌之心,91109,11,9,,999,200,1000,8000,5000,8000,20000,蕴含神秘力量的特殊物质，激活后可获得属性增益,,,,,,,,,,,,0,2000
91910,九阶诺斯之心,91110,11,9,,999,200,1000,8000,5000,8000,20000,蕴含神秘力量的特殊物质，激活后可获得属性增益,,,,,,,,,,,,0,2000
91911,九阶翡翠之心,91111,11,9,,999,200,1000,8000,5000,8000,20000,蕴含神秘力量的特殊物质，激活后可获得属性增益,,,,,,,,,,,,0,2000
91912,九阶嗜血之力,91112,11,9,,999,200,1000,8000,5000,8000,20000,蕴含神秘力量的特殊物质，激活后可获得属性增益,,,,,,,,,,,,0,2000
91913,九阶涨潮之力,91113,11,9,,999,200,1000,8000,5000,8000,20000,蕴含神秘力量的特殊物质，激活后可获得属性增益,,,,,,,,,,,,0,2000
91914,九阶献祭之颅,91114,11,9,,999,200,1000,8000,5000,8000,20000,蕴含神秘力量的特殊物质，激活后可获得属性增益,,,,,,,,,,,,0,2000
91915,九阶禁锢符印,91115,11,9,,999,200,1000,8000,5000,8000,20000,蕴含神秘力量的特殊物质，激活后可获得属性增益,,,,,,,,,,,,0,2000
92001,十阶风暴水晶,91101,11,10,,999,200,1000,8000,5000,8000,20000,蕴含神秘力量的特殊物质，激活后可获得属性增益,,,,,,,,,,,,0,2000
92002,十阶自然核心,91102,11,10,,999,200,1000,8000,5000,8000,20000,蕴含神秘力量的特殊物质，激活后可获得属性增益,,,,,,,,,,,,0,2000
92003,十阶大地核心,91103,11,10,,999,200,1000,8000,5000,8000,20000,蕴含神秘力量的特殊物质，激活后可获得属性增益,,,,,,,,,,,,0,2000
92004,十阶冰霜之核,91104,11,10,,999,200,1000,8000,5000,8000,20000,蕴含神秘力量的特殊物质，激活后可获得属性增益,,,,,,,,,,,,0,2000
92005,十阶魔能之匣,91105,11,10,,999,200,1000,8000,5000,8000,20000,蕴含神秘力量的特殊物质，激活后可获得属性增益,,,,,,,,,,,,0,2000
92006,十阶魔血之匣,91106,11,10,,999,200,1000,8000,5000,8000,20000,蕴含神秘力量的特殊物质，激活后可获得属性增益,,,,,,,,,,,,0,2000
92007,十阶治愈之匣,91107,11,10,,999,200,1000,8000,5000,8000,20000,蕴含神秘力量的特殊物质，激活后可获得属性增益,,,,,,,,,,,,0,2000
92008,十阶暗影符印,91108,11,10,,999,200,1000,8000,5000,8000,20000,蕴含神秘力量的特殊物质，激活后可获得属性增益,,,,,,,,,,,,0,2000
92009,十阶恐鳌之心,91109,11,10,,999,200,1000,8000,5000,8000,20000,蕴含神秘力量的特殊物质，激活后可获得属性增益,,,,,,,,,,,,0,2000
92010,十阶诺斯之心,91110,11,10,,999,200,1000,8000,5000,8000,20000,蕴含神秘力量的特殊物质，激活后可获得属性增益,,,,,,,,,,,,0,2000
92011,十阶翡翠之心,91111,11,10,,999,200,1000,8000,5000,8000,20000,蕴含神秘力量的特殊物质，激活后可获得属性增益,,,,,,,,,,,,0,2000
92012,十阶嗜血之力,91112,11,10,,999,200,1000,8000,5000,8000,20000,蕴含神秘力量的特殊物质，激活后可获得属性增益,,,,,,,,,,,,0,2000
92013,十阶涨潮之力,91113,11,10,,999,200,1000,8000,5000,8000,20000,蕴含神秘力量的特殊物质，激活后可获得属性增益,,,,,,,,,,,,0,2000
92014,十阶献祭之颅,91114,11,10,,999,200,1000,8000,5000,8000,20000,蕴含神秘力量的特殊物质，激活后可获得属性增益,,,,,,,,,,,,0,2000
92015,十阶禁锢符印,91115,11,10,,999,200,1000,8000,5000,8000,20000,蕴含神秘力量的特殊物质，激活后可获得属性增益,,,,,,,,,,,,0,2000
101101,一阶力量灵石,101101,11,1,,999,200,5,20,25,30,20,英雄品质白升绿所需的材料，可激活一阶风暴水晶,,,,,,,,,,,,1,2000
101102,一阶智力灵石,101102,11,1,,999,200,5,20,25,30,20,英雄品质白升绿所需的材料，可激活一阶自然核心,,,,,,,,,,,,1,2000
101103,一阶敏捷灵石,101103,11,1,,999,200,5,20,25,30,20,英雄品质白升绿所需的材料，可激活一阶大地核心,,,,,,,,,,,,1,2000
101104,一阶生命灵石,101104,11,1,,999,200,5,20,25,30,20,英雄品质白升绿所需的材料，可激活一阶冰霜之核,,,,,,,,,,,,1,2000
101105,一阶攻击灵石,101105,11,1,,999,200,5,20,25,30,20,英雄品质白升绿所需的材料，可激活一阶魔能之匣,,,,,,,,,,,,1,2000
101106,一阶护甲灵石,101106,11,1,,999,200,5,20,25,30,20,英雄品质白升绿所需的材料，可激活一阶魔血之匣,,,,,,,,,,,,1,2000
101107,一阶破甲灵石,101107,11,1,,999,200,5,20,25,30,20,英雄品质白升绿所需的材料，可激活一阶治愈之匣,,,,,,,,,,,,1,2000
101108,一阶命中灵石,101108,11,1,,999,200,5,20,25,30,20,英雄品质白升绿所需的材料，可激活一阶暗影符印,,,,,,,,,,,,1,2000
101109,一阶闪避灵石,101109,11,1,,999,200,5,20,25,30,20,英雄品质白升绿所需的材料，可激活一阶恐鳌之心,,,,,,,,,,,,1,2000
101110,一阶暴击灵石,101110,11,1,,999,200,5,20,25,30,20,英雄品质白升绿所需的材料，可激活一阶诺斯之心,,,,,,,,,,,,1,2000
101111,一阶韧性灵石,101111,11,1,,999,200,5,20,25,30,20,英雄品质白升绿所需的材料，可激活一阶翡翠之心,,,,,,,,,,,,1,2000
101112,一阶法强灵石,101112,11,1,,999,200,5,20,25,30,20,英雄品质白升绿所需的材料，可激活一阶嗜血之力,,,,,,,,,,,,1,2000
101113,一阶魔抗灵石,101113,11,1,,999,200,5,20,25,30,20,英雄品质白升绿所需的材料，可激活一阶涨潮之力,,,,,,,,,,,,1,2000
101114,一阶回复灵石,101114,11,1,,999,200,5,20,25,30,20,英雄品质白升绿所需的材料，可激活一阶献祭之颅,,,,,,,,,,,,1,2000
101201,二阶力量灵石,101201,11,2,,999,400,10,40,50,60,40,英雄品质绿升绿+1所需的材料，可激活一阶禁锢符印,,,,,,,,,,,,1,4000
101202,二阶智力灵石,101202,11,2,,999,400,10,40,50,60,40,英雄品质绿升绿+1所需的材料，可激活二阶风暴水晶,,,,,,,,,,,,1,4000
101203,二阶敏捷灵石,101203,11,2,,999,400,10,40,50,60,40,英雄品质绿升绿+1所需的材料，可激活二阶自然核心,,,,,,,,,,,,1,4000
101204,二阶生命灵石,101204,11,2,,999,400,10,40,50,60,40,英雄品质绿升绿+1所需的材料，可激活二阶大地核心,,,,,,,,,,,,1,4000
101205,二阶攻击灵石,101205,11,2,,999,400,10,40,50,60,40,英雄品质绿升绿+1所需的材料，可激活二阶冰霜之核,,,,,,,,,,,,1,4000
101206,二阶护甲灵石,101206,11,2,,999,400,10,40,50,60,40,英雄品质绿升绿+1所需的材料，可激活二阶魔能之匣,,,,,,,,,,,,1,4000
101207,二阶破甲灵石,101207,11,2,,999,400,10,40,50,60,40,英雄品质绿升绿+1所需的材料，可激活二阶魔血之匣,,,,,,,,,,,,1,4000
101208,二阶命中灵石,101208,11,2,,999,400,10,40,50,60,40,英雄品质绿升绿+1所需的材料，可激活二阶治愈之匣,,,,,,,,,,,,1,4000
101209,二阶闪避灵石,101209,11,2,,999,400,10,40,50,60,40,英雄品质绿升绿+1所需的材料，可激活二阶暗影符印,,,,,,,,,,,,1,4000
101210,二阶暴击灵石,101210,11,2,,999,400,10,40,50,60,40,英雄品质绿升绿+1所需的材料，可激活二阶恐鳌之心,,,,,,,,,,,,1,4000
101211,二阶韧性灵石,101211,11,2,,999,400,10,40,50,60,40,英雄品质绿升绿+1所需的材料，可激活二阶诺斯之心,,,,,,,,,,,,1,4000
101212,二阶法强灵石,101212,11,2,,999,400,10,40,50,60,40,英雄品质绿升绿+1所需的材料，可激活二阶翡翠之心,,,,,,,,,,,,1,4000
101213,二阶魔抗灵石,101213,11,2,,999,400,10,40,50,60,40,英雄品质绿升绿+1所需的材料，可激活二阶嗜血之力,,,,,,,,,,,,1,4000
101214,二阶回复灵石,101214,11,2,,999,400,10,40,50,60,40,英雄品质绿升绿+1所需的材料，可激活二阶涨潮之力,,,,,,,,,,,,1,4000
101301,三阶力量灵石,101201,11,3,,999,600,15,60,75,90,60,英雄品质绿+1升蓝所需的材料，可激活二阶献祭之颅,,,,,,,,,,,,1,6000
101302,三阶智力灵石,101202,11,3,,999,600,15,60,75,90,60,英雄品质绿+1升蓝所需的材料，可激活二阶禁锢符印,,,,,,,,,,,,1,6000
101303,三阶敏捷灵石,101203,11,3,,999,600,15,60,75,90,60,英雄品质绿+1升蓝所需的材料，可激活三阶风暴水晶,,,,,,,,,,,,1,6000
101304,三阶生命灵石,101204,11,3,,999,600,15,60,75,90,60,英雄品质绿+1升蓝所需的材料，可激活三阶自然核心,,,,,,,,,,,,1,6000
101305,三阶攻击灵石,101205,11,3,,999,600,15,60,75,90,60,英雄品质绿+1升蓝所需的材料，可激活三阶大地核心,,,,,,,,,,,,1,6000
101306,三阶护甲灵石,101206,11,3,,999,600,15,60,75,90,60,英雄品质绿+1升蓝所需的材料，可激活三阶冰霜之核,,,,,,,,,,,,1,6000
101307,三阶破甲灵石,101207,11,3,,999,600,15,60,75,90,60,英雄品质绿+1升蓝所需的材料，可激活三阶魔能之匣,,,,,,,,,,,,1,6000
101308,三阶命中灵石,101208,11,3,,999,600,15,60,75,90,60,英雄品质绿+1升蓝所需的材料，可激活三阶魔血之匣,,,,,,,,,,,,1,6000
101309,三阶闪避灵石,101209,11,3,,999,600,15,60,75,90,60,英雄品质绿+1升蓝所需的材料，可激活三阶治愈之匣,,,,,,,,,,,,1,6000
101310,三阶暴击灵石,101210,11,3,,999,600,15,60,75,90,60,英雄品质绿+1升蓝所需的材料，可激活三阶暗影符印,,,,,,,,,,,,1,6000
101311,三阶韧性灵石,101211,11,3,,999,600,15,60,75,90,60,英雄品质绿+1升蓝所需的材料，可激活三阶恐鳌之心,,,,,,,,,,,,1,6000
101312,三阶法强灵石,101212,11,3,,999,600,15,60,75,90,60,英雄品质绿+1升蓝所需的材料，可激活三阶诺斯之心,,,,,,,,,,,,1,6000
101313,三阶魔抗灵石,101213,11,3,,999,600,15,60,75,90,60,英雄品质绿+1升蓝所需的材料，可激活三阶翡翠之心,,,,,,,,,,,,1,6000
101314,三阶回复灵石,101214,11,3,,999,600,15,60,75,90,60,英雄品质绿+1升蓝所需的材料，可激活三阶嗜血之力,,,,,,,,,,,,1,6000
101401,四阶力量灵石,101301,11,4,,999,800,20,80,100,120,80,英雄品质蓝+1升蓝+2所需的材料，可激活三阶涨潮之力,,,,,,,,,,,,1,8000
101402,四阶智力灵石,101302,11,4,,999,800,20,80,100,120,80,英雄品质蓝+1升蓝+2所需的材料，可激活三阶献祭之颅,,,,,,,,,,,,1,8000
101403,四阶敏捷灵石,101303,11,4,,999,800,20,80,100,120,80,英雄品质蓝+1升蓝+2所需的材料，可激活三阶禁锢符印,,,,,,,,,,,,1,8000
101404,四阶生命灵石,101304,11,4,,999,800,20,80,100,120,80,英雄品质蓝+1升蓝+2所需的材料，可激活四阶风暴水晶,,,,,,,,,,,,1,8000
101405,四阶攻击灵石,101305,11,4,,999,800,20,80,100,120,80,英雄品质蓝+1升蓝+2所需的材料，可激活四阶自然核心,,,,,,,,,,,,1,8000
101406,四阶护甲灵石,101306,11,4,,999,800,20,80,100,120,80,英雄品质蓝+1升蓝+2所需的材料，可激活四阶大地核心,,,,,,,,,,,,1,8000
101407,四阶破甲灵石,101307,11,4,,999,800,20,80,100,120,80,英雄品质蓝+1升蓝+2所需的材料，可激活四阶冰霜之核,,,,,,,,,,,,1,8000
101408,四阶命中灵石,101308,11,4,,999,800,20,80,100,120,80,英雄品质蓝+1升蓝+2所需的材料，可激活四阶魔能之匣,,,,,,,,,,,,1,8000
101409,四阶闪避灵石,101309,11,4,,999,800,20,80,100,120,80,英雄品质蓝+1升蓝+2所需的材料，可激活四阶魔血之匣,,,,,,,,,,,,1,8000
101410,四阶暴击灵石,101310,11,4,,999,800,20,80,100,120,80,英雄品质蓝+1升蓝+2所需的材料，可激活四阶治愈之匣,,,,,,,,,,,,1,8000
101411,四阶韧性灵石,101311,11,4,,999,800,20,80,100,120,80,英雄品质蓝+1升蓝+2所需的材料，可激活四阶暗影符印,,,,,,,,,,,,1,8000
101412,四阶法强灵石,101312,11,4,,999,800,20,80,100,120,80,英雄品质蓝+1升蓝+2所需的材料，可激活四阶恐鳌之心,,,,,,,,,,,,1,8000
101413,四阶魔抗灵石,101313,11,4,,999,800,20,80,100,120,80,英雄品质蓝+1升蓝+2所需的材料，可激活四阶诺斯之心,,,,,,,,,,,,1,8000
101414,四阶回复灵石,101314,11,4,,999,800,20,80,100,120,80,英雄品质蓝+1升蓝+2所需的材料，可激活四阶翡翠之心,,,,,,,,,,,,1,8000
101501,五阶力量灵石,101301,11,5,,999,1000,25,100,125,150,100,英雄品质蓝+2升紫所需的材料，可激活四阶嗜血之力,,,,,,,,,,,,1,10000
101502,五阶智力灵石,101302,11,5,,999,1000,25,100,125,150,100,英雄品质蓝+2升紫所需的材料，可激活四阶涨潮之力,,,,,,,,,,,,1,10000
101503,五阶敏捷灵石,101303,11,5,,999,1000,25,100,125,150,100,英雄品质蓝+2升紫所需的材料，可激活四阶献祭之颅,,,,,,,,,,,,1,10000
101504,五阶生命灵石,101304,11,5,,999,1000,25,100,125,150,100,英雄品质蓝+2升紫所需的材料，可激活四阶禁锢符印,,,,,,,,,,,,1,10000
101505,五阶攻击灵石,101305,11,5,,999,1000,25,100,125,150,100,英雄品质蓝+2升紫所需的材料，可激活五阶风暴水晶,,,,,,,,,,,,1,10000
101506,五阶护甲灵石,101306,11,5,,999,1000,25,100,125,150,100,英雄品质蓝+2升紫所需的材料，可激活五阶自然核心,,,,,,,,,,,,1,10000
101507,五阶破甲灵石,101307,11,5,,999,1000,25,100,125,150,100,英雄品质蓝+2升紫所需的材料，可激活五阶大地核心,,,,,,,,,,,,1,10000
101508,五阶命中灵石,101308,11,5,,999,1000,25,100,125,150,100,英雄品质蓝+2升紫所需的材料，可激活五阶冰霜之核,,,,,,,,,,,,1,10000
101509,五阶闪避灵石,101309,11,5,,999,1000,25,100,125,150,100,英雄品质蓝+2升紫所需的材料，可激活五阶魔能之匣,,,,,,,,,,,,1,10000
101510,五阶暴击灵石,101310,11,5,,999,1000,25,100,125,150,100,英雄品质蓝+2升紫所需的材料，可激活五阶魔血之匣,,,,,,,,,,,,1,10000
101511,五阶韧性灵石,101311,11,5,,999,1000,25,100,125,150,100,英雄品质蓝+2升紫所需的材料，可激活五阶治愈之匣,,,,,,,,,,,,1,10000
101512,五阶法强灵石,101312,11,5,,999,1000,25,100,125,150,100,英雄品质蓝+2升紫所需的材料，可激活五阶暗影符印,,,,,,,,,,,,1,10000
101513,五阶魔抗灵石,101313,11,5,,999,1000,25,100,125,150,100,英雄品质蓝+2升紫所需的材料，可激活五阶恐鳌之心,,,,,,,,,,,,1,10000
101514,五阶回复灵石,101314,11,5,,999,1000,25,100,125,150,100,英雄品质蓝+2升紫所需的材料，可激活五阶诺斯之心,,,,,,,,,,,,1,10000
101601,六阶力量灵石,101301,11,6,,999,1200,30,120,150,180,120,英雄品质紫升紫+1所需的材料，可激活五阶翡翠之心,,,,,,,,,,,,1,12000
101602,六阶智力灵石,101302,11,6,,999,1200,30,120,150,180,120,英雄品质紫升紫+1所需的材料，可激活五阶嗜血之力,,,,,,,,,,,,1,12000
101603,六阶敏捷灵石,101303,11,6,,999,1200,30,120,150,180,120,英雄品质紫升紫+1所需的材料，可激活五阶涨潮之力,,,,,,,,,,,,1,12000
101604,六阶生命灵石,101304,11,6,,999,1200,30,120,150,180,120,英雄品质紫升紫+1所需的材料，可激活五阶献祭之颅,,,,,,,,,,,,1,12000
101605,六阶攻击灵石,101305,11,6,,999,1200,30,120,150,180,120,英雄品质紫升紫+1所需的材料，可激活五阶禁锢符印,,,,,,,,,,,,1,12000
101606,六阶护甲灵石,101306,11,6,,999,1200,30,120,150,180,120,英雄品质紫升紫+1所需的材料，可激活六阶风暴水晶,,,,,,,,,,,,1,12000
101607,六阶破甲灵石,101307,11,6,,999,1200,30,120,150,180,120,英雄品质紫升紫+1所需的材料，可激活六阶自然核心,,,,,,,,,,,,1,12000
101608,六阶命中灵石,101308,11,6,,999,1200,30,120,150,180,120,英雄品质紫升紫+1所需的材料，可激活六阶大地核心,,,,,,,,,,,,1,12000
101609,六阶闪避灵石,101309,11,6,,999,1200,30,120,150,180,120,英雄品质紫升紫+1所需的材料，可激活六阶冰霜之核,,,,,,,,,,,,1,12000
101610,六阶暴击灵石,101310,11,6,,999,1200,30,120,150,180,120,英雄品质紫升紫+1所需的材料，可激活六阶魔能之匣,,,,,,,,,,,,1,12000
101611,六阶韧性灵石,101311,11,6,,999,1200,30,120,150,180,120,英雄品质紫升紫+1所需的材料，可激活六阶魔血之匣,,,,,,,,,,,,1,12000
101612,六阶法强灵石,101312,11,6,,999,1200,30,120,150,180,120,英雄品质紫升紫+1所需的材料，可激活六阶治愈之匣,,,,,,,,,,,,1,12000
101613,六阶魔抗灵石,101313,11,6,,999,1200,30,120,150,180,120,英雄品质紫升紫+1所需的材料，可激活六阶暗影符印,,,,,,,,,,,,1,12000
101614,六阶回复灵石,101314,11,6,,999,1200,30,120,150,180,120,英雄品质紫升紫+1所需的材料，可激活六阶恐鳌之心,,,,,,,,,,,,1,12000
101701,七阶力量灵石,101401,11,7,,999,1400,30,120,150,180,120,英雄品质紫+1升紫+2所需的材料，可激活六阶诺斯之心,,,,,,,,,,,,1,14000
101702,七阶智力灵石,101402,11,7,,999,1400,30,120,150,180,120,英雄品质紫+1升紫+2所需的材料，可激活六阶翡翠之心,,,,,,,,,,,,1,14000
101703,七阶敏捷灵石,101403,11,7,,999,1400,30,120,150,180,120,英雄品质紫+1升紫+2所需的材料，可激活六阶嗜血之力,,,,,,,,,,,,1,14000
101704,七阶生命灵石,101404,11,7,,999,1400,30,120,150,180,120,英雄品质紫+1升紫+2所需的材料，可激活六阶涨潮之力,,,,,,,,,,,,1,14000
101705,七阶攻击灵石,101405,11,7,,999,1400,30,120,150,180,120,英雄品质紫+1升紫+2所需的材料，可激活六阶献祭之颅,,,,,,,,,,,,1,14000
101706,七阶护甲灵石,101406,11,7,,999,1400,30,120,150,180,120,英雄品质紫+1升紫+2所需的材料，可激活六阶禁锢符印,,,,,,,,,,,,1,14000
101707,七阶破甲灵石,101407,11,7,,999,1400,30,120,150,180,120,英雄品质紫+1升紫+2所需的材料，可激活七阶风暴水晶,,,,,,,,,,,,1,14000
101708,七阶命中灵石,101408,11,7,,999,1400,30,120,150,180,120,英雄品质紫+1升紫+2所需的材料，可激活七阶自然核心,,,,,,,,,,,,1,14000
101709,七阶闪避灵石,101409,11,7,,999,1400,30,120,150,180,120,英雄品质紫+1升紫+2所需的材料，可激活七阶大地核心,,,,,,,,,,,,1,14000
101710,七阶暴击灵石,101410,11,7,,999,1400,30,120,150,180,120,英雄品质紫+1升紫+2所需的材料，可激活七阶冰霜之核,,,,,,,,,,,,1,14000
101711,七阶韧性灵石,101411,11,7,,999,1400,30,120,150,180,120,英雄品质紫+1升紫+2所需的材料，可激活七阶魔能之匣,,,,,,,,,,,,1,14000
101712,七阶法强灵石,101412,11,7,,999,1400,30,120,150,180,120,英雄品质紫+1升紫+2所需的材料，可激活七阶魔血之匣,,,,,,,,,,,,1,14000
101713,七阶魔抗灵石,101413,11,7,,999,1400,30,120,150,180,120,英雄品质紫+1升紫+2所需的材料，可激活七阶治愈之匣,,,,,,,,,,,,1,14000
101714,七阶回复灵石,101414,11,7,,999,1400,30,120,150,180,120,英雄品质紫+1升紫+2所需的材料，可激活七阶暗影符印,,,,,,,,,,,,1,14000
101801,八阶力量灵石,101401,11,8,,999,1600,40,160,200,240,160,英雄品质紫+2升紫+3所需的材料，可激活七阶恐鳌之心,,,,,,,,,,,,1,16000
101802,八阶智力灵石,101402,11,8,,999,1600,40,160,200,240,160,英雄品质紫+2升紫+3所需的材料，可激活七阶诺斯之心,,,,,,,,,,,,1,16000
101803,八阶敏捷灵石,101403,11,8,,999,1600,40,160,200,240,160,英雄品质紫+2升紫+3所需的材料，可激活七阶翡翠之心,,,,,,,,,,,,1,16000
101804,八阶生命灵石,101404,11,8,,999,1600,40,160,200,240,160,英雄品质紫+2升紫+3所需的材料，可激活七阶嗜血之力,,,,,,,,,,,,1,16000
101805,八阶攻击灵石,101405,11,8,,999,1600,40,160,200,240,160,英雄品质紫+2升紫+3所需的材料，可激活七阶涨潮之力,,,,,,,,,,,,1,16000
101806,八阶护甲灵石,101406,11,8,,999,1600,40,160,200,240,160,英雄品质紫+2升紫+3所需的材料，可激活七阶献祭之颅,,,,,,,,,,,,1,16000
101807,八阶破甲灵石,101407,11,8,,999,1600,40,160,200,240,160,英雄品质紫+2升紫+3所需的材料，可激活七阶禁锢符印,,,,,,,,,,,,1,16000
101808,八阶命中灵石,101408,11,8,,999,1600,40,160,200,240,160,英雄品质紫+2升紫+3所需的材料，可激活八阶风暴水晶,,,,,,,,,,,,1,16000
101809,八阶闪避灵石,101409,11,8,,999,1600,40,160,200,240,160,英雄品质紫+2升紫+3所需的材料，可激活八阶自然核心,,,,,,,,,,,,1,16000
101810,八阶暴击灵石,101410,11,8,,999,1600,40,160,200,240,160,英雄品质紫+2升紫+3所需的材料，可激活八阶大地核心,,,,,,,,,,,,1,16000
101811,八阶韧性灵石,101411,11,8,,999,1600,40,160,200,240,160,英雄品质紫+2升紫+3所需的材料，可激活八阶冰霜之核,,,,,,,,,,,,1,16000
101812,八阶法强灵石,101412,11,8,,999,1600,40,160,200,240,160,英雄品质紫+2升紫+3所需的材料，可激活八阶魔能之匣,,,,,,,,,,,,1,16000
101813,八阶魔抗灵石,101413,11,8,,999,1600,40,160,200,240,160,英雄品质紫+2升紫+3所需的材料，可激活八阶魔血之匣,,,,,,,,,,,,1,16000
101814,八阶回复灵石,101414,11,8,,999,1600,40,160,200,240,160,英雄品质紫+2升紫+3所需的材料，可激活八阶治愈之匣,,,,,,,,,,,,1,16000
101901,九阶力量灵石,101501,11,9,,999,1800,40,160,200,240,160,英雄品质紫+3升紫+4所需的材料，可激活八阶暗影符印,,,,,,,,,,,,1,18000
101902,九阶智力灵石,101502,11,9,,999,1800,40,160,200,240,160,英雄品质紫+3升紫+4所需的材料，可激活八阶恐鳌之心,,,,,,,,,,,,1,18000
101903,九阶敏捷灵石,101503,11,9,,999,1800,40,160,200,240,160,英雄品质紫+3升紫+4所需的材料，可激活八阶诺斯之心,,,,,,,,,,,,1,18000
101904,九阶生命灵石,101504,11,9,,999,1800,40,160,200,240,160,英雄品质紫+3升紫+4所需的材料，可激活八阶翡翠之心,,,,,,,,,,,,1,18000
101905,九阶攻击灵石,101505,11,9,,999,1800,40,160,200,240,160,英雄品质紫+3升紫+4所需的材料，可激活八阶嗜血之力,,,,,,,,,,,,1,18000
101906,九阶护甲灵石,101506,11,9,,999,1800,40,160,200,240,160,英雄品质紫+3升紫+4所需的材料，可激活八阶涨潮之力,,,,,,,,,,,,1,18000
101907,九阶破甲灵石,101507,11,9,,999,1800,40,160,200,240,160,英雄品质紫+3升紫+4所需的材料，可激活八阶献祭之颅,,,,,,,,,,,,1,18000
101908,九阶命中灵石,101508,11,9,,999,1800,40,160,200,240,160,英雄品质紫+3升紫+4所需的材料，可激活八阶禁锢符印,,,,,,,,,,,,1,18000
101909,九阶闪避灵石,101509,11,9,,999,1800,40,160,200,240,160,英雄品质紫+3升紫+4所需的材料，可激活九阶风暴水晶,,,,,,,,,,,,1,18000
101910,九阶暴击灵石,101510,11,9,,999,1800,40,160,200,240,160,英雄品质紫+3升紫+4所需的材料，可激活九阶自然核心,,,,,,,,,,,,1,18000
101911,九阶韧性灵石,101511,11,9,,999,1800,40,160,200,240,160,英雄品质紫+3升紫+4所需的材料，可激活九阶大地核心,,,,,,,,,,,,1,18000
101912,九阶法强灵石,101512,11,9,,999,1800,40,160,200,240,160,英雄品质紫+3升紫+4所需的材料，可激活九阶冰霜之核,,,,,,,,,,,,1,18000
101913,九阶魔抗灵石,101513,11,9,,999,1800,40,160,200,240,160,英雄品质紫+3升紫+4所需的材料，可激活九阶魔能之匣,,,,,,,,,,,,1,18000
101914,九阶回复灵石,101514,11,9,,999,1800,40,160,200,240,160,英雄品质紫+3升紫+4所需的材料，可激活九阶魔血之匣,,,,,,,,,,,,1,18000
102001,十阶力量灵石,101501,11,10,,999,2000,40,160,200,240,160,英雄品质紫+4升橙所需的材料，可激活九阶治愈之匣,,,,,,,,,,,,1,20000
102002,十阶智力灵石,101502,11,10,,999,2000,40,160,200,240,160,英雄品质紫+4升橙所需的材料，可激活九阶暗影符印,,,,,,,,,,,,1,20000
102003,十阶敏捷灵石,101503,11,10,,999,2000,40,160,200,240,160,英雄品质紫+4升橙所需的材料，可激活九阶恐鳌之心,,,,,,,,,,,,1,20000
102004,十阶生命灵石,101504,11,10,,999,2000,40,160,200,240,160,英雄品质紫+4升橙所需的材料，可激活九阶诺斯之心,,,,,,,,,,,,1,20000
102005,十阶攻击灵石,101505,11,10,,999,2000,40,160,200,240,160,英雄品质紫+4升橙所需的材料，可激活九阶翡翠之心,,,,,,,,,,,,1,20000
102006,十阶护甲灵石,101506,11,10,,999,2000,40,160,200,240,160,英雄品质紫+4升橙所需的材料，可激活九阶嗜血之力,,,,,,,,,,,,1,20000
102007,十阶破甲灵石,101507,11,10,,999,2000,40,160,200,240,160,英雄品质紫+4升橙所需的材料，可激活九阶涨潮之力,,,,,,,,,,,,1,20000
102008,十阶命中灵石,101508,11,10,,999,2000,40,160,200,240,160,英雄品质紫+4升橙所需的材料，可激活九阶献祭之颅,,,,,,,,,,,,1,20000
102009,十阶闪避灵石,101509,11,10,,999,2000,40,160,200,240,160,英雄品质紫+4升橙所需的材料，可激活九阶禁锢符印,,,,,,,,,,,,1,20000
102010,十阶暴击灵石,101510,11,10,,999,2000,40,160,200,240,160,英雄品质紫+4升橙所需的材料，可激活十阶风暴水晶,,,,,,,,,,,,1,20000
102011,十阶韧性灵石,101511,11,10,,999,2000,40,160,200,240,160,英雄品质紫+4升橙所需的材料，可激活十阶自然核心,,,,,,,,,,,,1,20000
102012,十阶法强灵石,101512,11,10,,999,2000,40,160,200,240,160,英雄品质紫+4升橙所需的材料，可激活十阶大地核心,,,,,,,,,,,,1,20000
102013,十阶魔抗灵石,101513,11,10,,999,2000,40,160,200,240,160,英雄品质紫+4升橙所需的材料，可激活十阶冰霜之核,,,,,,,,,,,,1,20000
102014,十阶回复灵石,101514,11,10,,999,2000,40,160,200,240,160,英雄品质紫+4升橙所需的材料，可激活十阶魔能之匣,,,,,,,,,,,,1,20000
